question,answer_key,student_answer,label,level_of_reasoning,score,adaptive_feedback,bab
Jelaskan dasar genetik tanaman menyerbuk sendiri!,Populasi tanaman menyerbuk sendiri cenderung homozigot. Penyerbukan sendiri menyebabkan peningkatan homozigositas dari generasi ke generasi sehingga mudah diperoleh galur murni.,Tanaman menyerbuk sendiri selalu heterozigot.,salah,analyzing,1,Jawaban Anda kurang tepat. Penyerbukan sendiri meningkatkan homozigositas sehingga memudahkan pembentukan galur murni.,bab 10
Apa tujuan utama metode pemuliaan pada tanaman menyerbuk sendiri?,Memperoleh galur murni (homozigot) yang stabil dan unggul.,Menciptakan variasi sebanyak mungkin.,salah,analyzing,2,Tujuan utama adalah galur murni yang stabil.,bab 10
Apa itu seleksi massa pada tanaman menyerbuk sendiri?,Seleksi individu berdasarkan fenotipe kemudian benihnya dicampur tanpa uji keturunan.,Seleksi berdasarkan pedigree.,salah,analyzing,2,Seleksi massa adalah metode paling sederhana untuk memperbaiki populasi campuran.,bab 10
Sebutkan kelemahan seleksi massa!,Sangat tergantung heritabilitas; sulit untuk karakter kuantitatif karena pengaruh lingkungan besar.,Tidak ada kelemahan.,benar,evaluating,4,Benar. Seleksi massa kurang efektif pada karakter dengan heritabilitas rendah.,bab 10
Apa itu seleksi galur murni?,Seleksi tanaman tunggal dari populasi heterogen kemudian diturunkan menjadi galur murni.,Seleksi campuran benih.,salah,analyzing,2,Seleksi galur murni dikembangkan oleh Johansen.,bab 10
Apa kelebihan seleksi silsilah (pedigree)?,"Silsilah tercatat jelas, hanya keturunan unggul yang dilanjutkan.",Tidak ada kelebihan.,benar,analyzing,5,Pedigree memungkinkan pemulia melacak asal-usul galur.,bab 10
Mengapa seleksi silsilah memerlukan banyak catatan?,Karena setiap individu dan famili harus dicatat silsilahnya dari generasi ke generasi.,Tidak perlu catatan.,salah,creating,2,Pencatatan silsilah adalah ciri khas metode pedigree.,bab 10
Apa itu metode bulk?,Metode di mana populasi bersegregasi ditanam secara campur (bulk) tanpa seleksi sampai homozigositas tinggi.,Seleksi individu setiap generasi.,salah,analyzing,2,Metode bulk memanfaatkan seleksi alam pada generasi awal.,bab 10
Apa keuntungan metode turunan biji tunggal (Single Seed Descent)?,Cepat mencapai homozigositas dengan lahan dan tenaga minimal.,Sangat rumit dan memakan lahan luas.,benar,analyzing,4,SSD cocok untuk tanaman berpolong seperti kedelai.,bab 10
Apa kelemahan metode bulk?,Silsilah tidak tercatat dan seleksi alam dapat menghilangkan genotipe unggul.,Tidak ada kelemahan.,salah,evaluating,2,Seleksi alam kadang tidak sesuai dengan tujuan pemulia.,bab 10
Berikan contoh tanaman yang menggunakan metode pemuliaan menyerbuk sendiri!,"Padi, kedelai, tomat, kacang tanah.",Jagung.,benar,analyzing,5,Jagung termasuk menyerbuk silang. Padi dan kedelai adalah contoh klasik.,bab 10
Mengapa seleksi pada generasi F2 penting pada metode pedigree?,Karena keragaman paling tinggi pada generasi F2.,Keragaman tidak penting.,salah,analyzing,2,Seleksi dini pada F2 memanfaatkan segregasi maksimal.,bab 10
Apa perbedaan seleksi galur murni dengan seleksi silsilah?,"Seleksi galur murni dari populasi heterogen tanpa persilangan baru, sedangkan silsilah dari populasi bersegregasi hasil persilangan.",Keduanya sama.,salah,analyzing,2,Silsilah biasanya digunakan setelah persilangan.,bab 10
Apa yang dimaksud dengan homozigositas dalam konteks tanaman menyerbuk sendiri?,Kondisi di mana individu memiliki alel yang sama pada lokus tertentu.,Keadaan heterozigot.,salah,analyzing,1,Penyerbukan sendiri meningkatkan homozigositas.,bab 10
Mengapa metode bulk cocok untuk karakter dengan heritabilitas rendah?,Karena seleksi dilakukan setelah homozigositas tinggi dan seleksi alam bekerja.,Tidak cocok.,benar,evaluating,4,Metode bulk memanfaatkan seleksi alam pada generasi awal.,bab 10
Apa tahapan akhir pada hampir semua metode pemuliaan menyerbuk sendiri?,Uji daya hasil lanjutan dan uji multilokasi sebelum pelepasan varietas.,Langsung dilepas tanpa uji.,salah,creating,2,Uji multilokasi penting untuk menilai adaptasi.,bab 10
Apakah metode turunan biji tunggal memerlukan seleksi dini?,"Tidak, seleksi baru dilakukan pada generasi lanjut.","Ya, seleksi setiap generasi.",benar,analyzing,4,SSD fokus pada percepatan homozigositas.,bab 10
Apa risiko utama seleksi silsilah?,Genotipe unggul mungkin terbuang pada generasi awal karena segregasi.,Tidak ada risiko.,salah,evaluating,2,Seleksi dini berisiko membuang genotipe potensial.,bab 10
Mengapa pemulia perlu memahami berbagai metode pemuliaan menyerbuk sendiri?,Karena setiap metode memiliki kelebihan dan kelemahan sesuai tujuan dan sumber daya.,Semua metode sama saja.,benar,evaluating,5,Pemilihan metode sangat mempengaruhi efisiensi program.,bab 10
Apa tujuan akhir metode pemuliaan tanaman menyerbuk sendiri?,"Memperoleh varietas galur murni yang stabil, unggul, dan homogen.",Memperoleh varietas hibrida.,salah,creating,4,Galur murni adalah ciri khas varietas menyerbuk sendiri.,bab 10
Jelaskan ciri utama tanaman menyerbuk silang!,"Tanaman menyerbuk silang biasanya bersifat heterozigot, memiliki mekanisme outcrossing, dan populasi berupa varietas bersari bebas (open-pollinated) atau hibrida.",Tanaman menyerbuk silang bersifat homozigot.,salah,analyzing,1,Jawaban Anda kurang tepat. Tanaman menyerbuk silang cenderung heterozigot dan memerlukan strategi pemuliaan yang berbeda dengan tanaman menyerbuk sendiri.,bab 11
Apa tujuan utama pemuliaan tanaman menyerbuk silang?,Meningkatkan frekuensi alel unggul sambil mempertahankan heterozigositas melalui varietas hibrida atau populasi bersari bebas.,Membuat galur murni.,salah,analyzing,2,Tujuan utama adalah memanfaatkan heterosis dan menjaga keragaman genetik.,bab 11
Apa itu varietas bersari bebas (open-pollinated variety/OPV)?,"Populasi tanaman yang stabil, heterozigot, dan dapat diperbanyak sendiri oleh petani dengan penyerbukan silang alami.",Varietas yang hanya bisa ditanam satu kali.,salah,analyzing,2,"OPV dapat diperbanyak sendiri oleh petani, berbeda dengan hibrida.",bab 11
Apa keuntungan utama varietas hibrida?,Menunjukkan heterosis (vigor hibrida) sehingga daya hasil lebih tinggi.,Tidak ada keuntungan.,benar,analyzing,5,Heterosis adalah keunggulan utama varietas hibrida.,bab 11
Apa itu recurrent selection?,Metode seleksi berulang pada populasi menyerbuk silang untuk meningkatkan frekuensi alel unggul.,Seleksi satu kali saja.,salah,analyzing,2,Recurrent selection adalah metode utama untuk perbaikan populasi menyerbuk silang.,bab 11
Mengapa pemuliaan tanaman menyerbuk silang lebih sulit daripada menyerbuk sendiri?,Karena sulit mempertahankan homozigositas dan memerlukan isolasi untuk menjaga kemurnian.,Lebih mudah.,benar,evaluating,4,Benar. Heterozigositas tinggi membuat pemeliharaan galur sulit.,bab 11
Apa peran male sterility dalam pemuliaan tanaman menyerbuk silang?,Memudahkan produksi benih hibrida tanpa emaskulasi manual.,Tidak diperlukan.,salah,analyzing,2,Male sterility (CMS) sangat penting untuk produksi hibrida skala besar.,bab 11
Apa itu synthetic variety?,Varietas yang dibentuk dari persilangan beberapa galur unggul yang dikombinasikan secara acak.,Varietas galur murni.,salah,analyzing,2,Synthetic variety memanfaatkan heterosis parsial.,bab 11
Apa kelemahan varietas hibrida?,Petani tidak dapat menyimpan benih sendiri karena vigor menurun pada generasi berikutnya.,Tidak ada kelemahan.,benar,evaluating,5,Benar. Petani harus membeli benih hibrida setiap musim tanam.,bab 11
Apa yang dimaksud dengan heterosis?,Keunggulan hibrida dibandingkan rata-rata kedua tetuanya.,Kelemahan hibrida.,salah,analyzing,1,Heterosis adalah dasar keberhasilan varietas hibrida.,bab 11
Apakah recurrent selection dapat dilakukan pada tanaman menyerbuk sendiri?,"Sulit, karena tanaman menyerbuk sendiri cenderung homozigot.",Sangat mudah.,benar,analyzing,4,Recurrent selection lebih cocok untuk tanaman menyerbuk silang.,bab 11
Apa metode utama untuk memperbaiki populasi menyerbuk silang?,"Recurrent selection, pengembangan hibrida, dan synthetic variety.",Seleksi pedigree.,salah,creating,2,Recurrent selection adalah metode pokok pada tanaman menyerbuk silang.,bab 11
Apa keuntungan synthetic variety?,Dapat diperbanyak sendiri oleh petani dan memiliki heterosis parsial.,Hanya bisa ditanam satu kali.,benar,analyzing,4,Synthetic variety lebih murah dan stabil dibandingkan hibrida tunggal.,bab 11
Mengapa isolasi penting dalam pemuliaan tanaman menyerbuk silang?,Untuk mencegah kontaminasi polen asing dan menjaga kemurnian populasi.,Isolasi tidak diperlukan.,salah,analyzing,2,Isolasi sangat krusial karena penyerbukan silang alami.,bab 11
Apa itu half-sib selection?,Seleksi berdasarkan keluarga setengah saudara (half-sib) dalam recurrent selection.,Seleksi individu saja.,salah,analyzing,2,Half-sib selection adalah salah satu bentuk recurrent selection.,bab 11
Apakah varietas hibrida stabil antar generasi?,"Tidak, vigor menurun pada generasi F2 dan seterusnya.","Ya, sangat stabil.",benar,evaluating,5,Itulah sebabnya petani harus membeli benih baru setiap musim.,bab 11
Apa perbedaan utama antara OPV dan hibrida?,"OPV dapat diperbanyak sendiri dengan stabil, sedangkan hibrida menunjukkan heterosis tinggi tapi tidak stabil.",Keduanya sama.,salah,analyzing,2,OPV lebih cocok untuk petani yang menyimpan benih sendiri.,bab 11
Mengapa pemuliaan tanaman menyerbuk silang sering menggunakan male sterility?,Untuk memproduksi benih hibrida secara ekonomis tanpa emaskulasi manual.,Tidak diperlukan.,benar,creating,4,Male sterility sangat membantu produksi hibrida skala besar.,bab 11
Apa tujuan akhir pemuliaan tanaman menyerbuk silang?,Memperoleh populasi atau varietas dengan daya hasil tinggi dan adaptasi baik sambil mempertahankan heterozigositas.,Memperoleh galur murni.,salah,evaluating,4,Tujuan utama adalah memanfaatkan heterosis.,bab 11
Apakah recurrent selection dapat meningkatkan frekuensi alel unggul?,"Ya, melalui seleksi berulang dan siklus persilangan.",Tidak dapat.,benar,analyzing,5,Recurrent selection secara bertahap meningkatkan frekuensi gen unggul.,bab 11
Jelaskan apa itu varietas hibrida!,"Varietas hibrida adalah keturunan F1 hasil persilangan antara dua (atau lebih) galur murni yang berbeda secara genetik, biasanya menunjukkan heterosis.",Varietas hibrida adalah galur murni.,salah,analyzing,1,Jawaban Anda kurang tepat. Varietas hibrida memanfaatkan heterosis dari persilangan dua galur inbrida.,bab 12
Apa dasar keberhasilan varietas hibrida?,Adanya heterosis (hybrid vigor) yang menyebabkan daya hasil lebih tinggi daripada tetuanya.,Tidak ada dasar khusus.,salah,analyzing,2,Heterosis adalah keunggulan utama varietas hibrida.,bab 12
Apa yang dimaksud dengan galur inbrida (inbred line)?,Galur murni yang diperoleh melalui penyerbukan sendiri berulang sampai homozigositas tinggi.,Galur yang heterozigot.,salah,analyzing,2,Galur inbrida adalah tetua utama dalam pembentukan hibrida.,bab 12
Apa fungsi line A (CMS line) dalam sistem hibrida?,Sebagai tetua betina mandul jantan yang digunakan untuk produksi benih hibrida.,Sebagai tetua jantan.,salah,analyzing,2,Line A (steril) adalah komponen penting dalam produksi benih hibrida.,bab 12
Apa itu line B (maintainer line)?,Galur fertil yang secara nuklear identik dengan line A untuk memperbanyak line A.,Galur yang mandul.,salah,analyzing,2,Line B digunakan untuk mempertahankan line CMS.,bab 12
Apa peran line R (restorer line)?,Galur yang memiliki gen restorasi fertilitas sehingga hibrida yang dihasilkan fertil.,Galur yang tidak berperan.,salah,analyzing,2,Restorer line memulihkan fertilitas pada hibrida.,bab 12
Apa keuntungan utama varietas hibrida dibandingkan OPV?,Daya hasil lebih tinggi karena heterosis.,Lebih murah dan stabil.,salah,analyzing,2,Heterosis membuat hibrida unggul dalam produktivitas.,bab 12
Apa kelemahan utama varietas hibrida?,Petani tidak dapat menyimpan benih sendiri karena vigor menurun pada generasi F2.,Tidak ada kelemahan.,benar,evaluating,5,Benar. Benih hibrida harus dibeli setiap musim tanam.,bab 12
Apa yang dimaksud dengan single cross hybrid?,Hibrida hasil persilangan antara dua galur inbrida (A × B).,Hibrida dari banyak galur.,salah,analyzing,2,Single cross adalah tipe hibrida yang paling umum dan heterosisnya paling tinggi.,bab 12
Mengapa produksi benih hibrida memerlukan isolasi yang ketat?,Untuk mencegah kontaminasi polen dari varietas lain sehingga kemurnian hibrida terjaga.,Isolasi tidak diperlukan.,salah,creating,2,Isolasi sangat penting dalam produksi benih hibrida.,bab 12
Apa itu three-way cross hybrid?,Hibrida hasil persilangan (A × B) × C.,Persilangan tunggal.,salah,analyzing,2,Three-way cross digunakan ketika diperlukan kombinasi lebih kompleks.,bab 12
Apakah varietas hibrida stabil antar generasi?,"Tidak stabil, vigor menurun pada generasi berikutnya.",Sangat stabil.,benar,analyzing,4,Itulah sebabnya benih hibrida harus dibeli ulang.,bab 12
Apa peran male sterility dalam pembentukan varietas hibrida?,Memudahkan produksi benih hibrida tanpa perlu emaskulasi manual.,Tidak berperan.,salah,analyzing,2,CMS sangat membantu efisiensi produksi benih hibrida.,bab 12
Mengapa heterosis lebih tinggi pada single cross dibandingkan double cross?,Karena single cross memiliki heterozigositas lebih tinggi.,Heterosis sama saja.,benar,evaluating,5,Single cross biasanya memberikan heterosis maksimal.,bab 12
Apa yang dimaksud dengan top cross?,Persilangan antara galur inbrida dengan varietas bersari bebas untuk uji daya gabung.,Persilangan antar galur inbrida.,salah,analyzing,2,Top cross digunakan untuk menguji daya gabung umum.,bab 12
Apakah pembentukan varietas hibrida memerlukan galur inbrida yang baik?,"Ya, kualitas galur inbrida sangat menentukan performa hibrida.",Tidak memerlukan galur inbrida.,benar,creating,5,Galur inbrida yang unggul adalah kunci keberhasilan hibrida.,bab 12
Apa keuntungan double cross hybrid?,Lebih murah produksinya dan keragaman genetik lebih luas.,Heterosis paling tinggi.,salah,analyzing,2,Double cross biasanya heterosisnya lebih rendah daripada single cross.,bab 12
Mengapa petani di Indonesia sering kesulitan dengan varietas hibrida?,Karena harus membeli benih baru setiap musim dan harganya mahal.,Karena benih bisa disimpan.,salah,evaluating,2,Biaya benih hibrida yang mahal menjadi kendala utama.,bab 12
Apa yang dimaksud dengan daya gabung (combining ability)?,Kemampuan suatu galur untuk menghasilkan keturunan unggul bila disilangkan dengan galur lain.,Kemampuan galur sendiri.,salah,analyzing,2,Daya gabung sangat penting dalam pemilihan tetua hibrida.,bab 12
Apa tujuan akhir pembentukan varietas hibrida?,Memperoleh varietas dengan daya hasil tinggi melalui eksploitasi heterosis.,Memperoleh galur murni.,salah,creating,4,Tujuan utama adalah memanfaatkan heterosis untuk produktivitas maksimal.,bab 12
Jelaskan ciri utama tanaman membiak vegetatif!,"Tanaman membiak vegetatif memperbanyak diri melalui bagian vegetatif (akar, batang, daun) tanpa penyatuan gamet, sehingga keturunannya merupakan klon yang genetiknya identik dengan induk.",Tanaman membiak vegetatif selalu menggunakan biji.,salah,analyzing,1,Jawaban Anda kurang tepat. Perbanyakan vegetatif menghasilkan klon yang identik genetiknya dengan induk.,bab 13
Apa perbedaan utama antara tanaman membiak vegetatif obligat dan fakultatif?,Obligat: hampir tidak dapat bereproduksi secara seksual (contoh: pisang). Fakultatif: dapat bereproduksi secara seksual maupun vegetatif.,Keduanya sama saja.,salah,analyzing,2,Tanaman obligat sulit dibuat variasinya melalui persilangan.,bab 13
Apa keuntungan utama pemuliaan tanaman membiak vegetatif?,Dapat mempertahankan genotipe unggul secara utuh (true-to-type) melalui klon.,Sulit mempertahankan sifat unggul.,benar,analyzing,5,Keunggulan utama adalah stabilitas genotipe klon.,bab 13
Mengapa keragaman genetik sulit diciptakan pada tanaman membiak vegetatif obligat?,Karena tidak dapat dilakukan persilangan seksual sehingga variasi baru hanya dari mutasi.,Mudah diciptakan melalui biji.,salah,analyzing,2,"Pada tanaman obligat, variasi baru biasanya dari mutasi atau introduksi.",bab 13
Apa itu seleksi klon?,Seleksi individu tanaman unggul kemudian diperbanyak secara vegetatif menjadi klon.,Seleksi berdasarkan biji.,salah,analyzing,2,Seleksi klon adalah metode utama pada tanaman vegetatif.,bab 13
Apa kelemahan utama pemuliaan tanaman membiak vegetatif?,Sulit menciptakan variasi genetik baru karena tidak ada rekombinasi seksual.,Tidak ada kelemahan.,benar,evaluating,4,Benar. Variasi baru sangat terbatas kecuali melalui mutasi.,bab 13
Apa peran mutasi dalam pemuliaan tanaman vegetatif?,Menciptakan variasi genetik baru pada klon yang kemudian dapat diseleksi.,Tidak berperan.,salah,analyzing,2,Mutasi induksi sering digunakan pada tanaman vegetatif.,bab 13
Apakah tanaman membiak vegetatif fakultatif dapat disilangkan?,"Ya, dapat dilakukan persilangan seksual kemudian diseleksi dan diperbanyak secara vegetatif.",Tidak dapat disilangkan.,benar,analyzing,4,"Pada fakultatif, persilangan seksual memungkinkan penciptaan variasi.",bab 13
Apa yang dimaksud dengan klon?,Keturunan tanaman yang dihasilkan secara vegetatif dari satu individu induk sehingga genetiknya identik.,Keturunan dari biji.,salah,analyzing,1,Klon identik secara genetik dengan induknya.,bab 13
Mengapa pengujian klon dilakukan pada tanaman vegetatif?,Karena setiap klon bersifat homogen sehingga penampilan tunggal sudah mewakili.,Pengujian tidak diperlukan.,benar,creating,4,Pengujian klon lebih sederhana karena tidak ada segregasi.,bab 13
Apa tantangan utama dalam pemuliaan tanaman vegetatif obligat?,Sulit menciptakan variasi baru sehingga sering mengandalkan introduksi dan mutasi.,Sangat mudah.,salah,evaluating,2,Tantangan terbesar adalah keterbatasan keragaman genetik.,bab 13
Berikan contoh tanaman membiak vegetatif obligat!,"Pisang, manggis, beberapa varietas jeruk.",Padi.,benar,analyzing,5,Pisang adalah contoh klasik tanaman vegetatif obligat.,bab 13
Apa keuntungan perbanyakan vegetatif dalam program pemuliaan?,Cepat memperbanyak tanaman unggul dalam jumlah banyak dan seragam.,Lambat dan tidak seragam.,salah,analyzing,2,Perbanyakan vegetatif memungkinkan multiplikasi cepat klon unggul.,bab 13
Apakah mutasi somatik dapat dimanfaatkan dalam pemuliaan vegetatif?,"Ya, mutasi pada jaringan vegetatif dapat menghasilkan variasi baru pada klon.",Tidak dapat.,benar,creating,4,Mutasi somatik sering dimanfaatkan pada tanaman hias.,bab 13
Mengapa pemuliaan tanaman vegetatif sering dikombinasikan dengan bioteknologi?,Untuk mempercepat perbanyakan dan menciptakan variasi melalui kultur jaringan.,Tidak perlu bioteknologi.,benar,evaluating,5,Kultur jaringan sangat membantu pemuliaan tanaman vegetatif.,bab 13
Apa yang dimaksud dengan varietas klon?,Varietas yang diperbanyak secara vegetatif dari satu klon unggul.,Varietas dari biji.,salah,analyzing,2,Varietas klon bersifat homogen.,bab 13
Apakah tanaman vegetatif rentan terhadap penyakit?,"Ya, karena semua individu klon identik genetiknya sehingga rentan terhadap serangan penyakit yang sama.",Tidak rentan.,benar,analyzing,4,Kerentanan seragam adalah kelemahan klon.,bab 13
Apa metode utama menciptakan keragaman pada tanaman vegetatif fakultatif?,Persilangan seksual diikuti seleksi dan perbanyakan vegetatif.,Hanya mutasi.,salah,creating,2,Persilangan seksual memungkinkan rekombinasi genetik.,bab 13
Mengapa pemuliaan tanaman vegetatif lebih cepat menghasilkan varietas baru?,"Karena setelah seleksi, klon unggul dapat langsung diperbanyak secara massal.",Lebih lambat.,benar,evaluating,5,Tidak perlu menunggu homozigositas seperti pada tanaman benih.,bab 13
Apa tujuan akhir pemuliaan tanaman membiak vegetatif?,"Memperoleh klon unggul yang stabil, homogen, dan dapat diperbanyak secara vegetatif.",Memperoleh varietas hibrida.,salah,creating,4,Tujuan utama adalah klon unggul yang true-to-type.,bab 13
Jelaskan peran bioteknologi dalam pemuliaan tanaman!,"Bioteknologi mempercepat pemuliaan melalui kultur jaringan, rekayasa genetik, fusi protoplas, dan penanda molekuler sehingga dapat mengatasi keterbatasan metode konvensional.",Bioteknologi tidak berperan dalam pemuliaan.,salah,analyzing,1,Jawaban Anda kurang tepat. Bioteknologi merupakan alat penting untuk memperluas keragaman genetik dan mempercepat proses pemuliaan.,bab 14
Apa itu kultur jaringan dalam pemuliaan tanaman?,"Teknik memperbanyak tanaman secara in vitro menggunakan sel, jaringan, atau organ tanaman untuk menghasilkan klon yang seragam dan bebas penyakit.",Menanam tanaman di lapangan biasa.,salah,analyzing,2,Kultur jaringan sangat bermanfaat untuk tanaman vegetatif dan perbanyakan cepat.,bab 14
Apa keuntungan utama fusi protoplas?,Dapat menggabungkan gen antar spesies yang sulit atau tidak mungkin disilangkan secara konvensional.,Tidak ada keuntungan.,benar,analyzing,4,Fusi protoplas memungkinkan wide hybridization tanpa hambatan reproduksi.,bab 14
Apa yang dimaksud dengan tanaman transgenik?,Tanaman yang genomnya dimasukkan gen asing (dari spesies lain) melalui teknik transformasi genetik.,Tanaman hasil persilangan biasa.,salah,analyzing,2,Tanaman transgenik mengandung transgene dari organisme lain.,bab 14
Mengapa penanda molekuler (molecular marker) penting dalam pemuliaan?,"Untuk seleksi berbasis gen (marker-assisted selection) sehingga lebih cepat dan akurat, terutama untuk karakter kuantitatif.",Tidak penting.,benar,evaluating,5,MAS sangat membantu seleksi dini tanpa harus menunggu fenotipe muncul.,bab 14
Apa itu embryo rescue?,Teknik menyelamatkan embrio hasil persilangan antar spesies yang biasanya gagal berkembang.,Teknik persilangan biasa.,salah,analyzing,2,Embryo rescue sering digunakan pada wide hybridization.,bab 14
Apa kelemahan utama tanaman transgenik?,"Isu keamanan pangan, regulasi yang ketat, dan penerimaan masyarakat.",Tidak ada kelemahan.,benar,evaluating,4,"Meskipun bermanfaat, tanaman transgenik menghadapi tantangan regulasi dan sosial.",bab 14
Apa peran haploid dan double haploid dalam pemuliaan?,Mempercepat pembentukan galur murni hanya dalam satu atau dua generasi.,Tidak berperan.,salah,analyzing,2,Teknik double haploid sangat mempercepat program pemuliaan pada tanaman menyerbuk sendiri.,bab 14
Apakah bioteknologi dapat menggantikan metode pemuliaan konvensional?,"Tidak, bioteknologi lebih sebagai pelengkap untuk mempercepat dan memperluas kemampuan pemuliaan konvensional.","Ya, dapat menggantikan sepenuhnya.",benar,creating,4,Kombinasi metode konvensional dan bioteknologi memberikan hasil terbaik.,bab 14
Apa itu marker-assisted selection (MAS)?,Seleksi tanaman menggunakan penanda molekuler yang terkait dengan gen target.,Seleksi hanya berdasarkan fenotipe.,salah,analyzing,2,MAS memungkinkan seleksi genotipe tanpa menunggu ekspresi fenotipe.,bab 14
Berikan contoh keberhasilan bioteknologi dalam pemuliaan tanaman di Indonesia!,"Padi transgenik tahan hama, varietas pisang hasil kultur jaringan, dan klon kelapa sawit unggul.",Tidak ada contoh di Indonesia.,benar,analyzing,5,Indonesia telah mengembangkan beberapa varietas menggunakan bioteknologi.,bab 14
Apa risiko utama fusi protoplas?,Ketidakstabilan genom hasil fusi dan kesulitan regenerasi tanaman.,Tidak ada risiko.,salah,evaluating,2,Hasil fusi protoplas sering mengalami ketidakstabilan genetik.,bab 14
Mengapa kultur jaringan penting untuk tanaman vegetatif?,"Memungkinkan perbanyakan cepat, massal, dan bebas penyakit.",Tidak penting.,benar,creating,5,Kultur jaringan sangat membantu komersialisasi varietas unggul vegetatif.,bab 14
Apa yang dimaksud dengan genetic engineering?,Manipulasi DNA untuk memindahkan gen spesifik antar organisme.,Persilangan biasa.,salah,analyzing,2,Genetic engineering adalah dasar pembuatan tanaman transgenik.,bab 14
Apakah bioteknologi dapat menciptakan varietas tahan penyakit lebih cepat?,"Ya, melalui transformasi gen ketahanan atau seleksi dengan marker.",Tidak dapat.,benar,analyzing,5,Bioteknologi sangat mempercepat perakitan varietas tahan biotik.,bab 14
Apa keuntungan double haploid?,Memperoleh galur homozigot dalam waktu singkat.,Memerlukan waktu lama.,salah,analyzing,2,Teknik ini sangat mempercepat program pemuliaan.,bab 14
Apakah tanaman hasil bioteknologi selalu lebih unggul?,"Tidak selalu, tergantung gen yang dimasukkan dan lingkungan.",Selalu lebih unggul.,benar,evaluating,4,Keunggulan harus diuji di lapangan.,bab 14
Apa peran protoplas dalam bioteknologi?,Digunakan untuk fusi antar spesies guna menciptakan keragaman genetik baru.,Tidak berperan.,salah,analyzing,2,Fusi protoplas merupakan salah satu teknik penting.,bab 14
Mengapa regulasi diperlukan untuk tanaman transgenik?,"Untuk memastikan keamanan pangan, lingkungan, dan kesehatan manusia.",Tidak diperlukan regulasi.,benar,evaluating,5,Regulasi sangat penting sebelum dilepas ke lingkungan.,bab 14
Apa tujuan akhir penerapan bioteknologi dalam pemuliaan tanaman?,"Mempercepat, memperluas, dan meningkatkan efisiensi perakitan varietas unggul.",Tidak ada tujuan khusus.,salah,creating,4,Bioteknologi adalah alat untuk mendukung pemuliaan konvensional.,bab 14
Jelaskan apa yang dimaksud dengan adaptasi tanaman!,"Adaptasi adalah kemampuan tanaman untuk tumbuh, berkembang, dan berproduksi dengan baik di lingkungan tertentu melalui penyesuaian morfologi, fisiologi, atau genetik.",Adaptasi berarti tanaman tidak bisa tumbuh di lingkungan tertentu.,salah,analyzing,1,Jawaban Anda kurang tepat. Adaptasi adalah kemampuan menyesuaikan diri dengan lingkungan target.,bab 15
Apa perbedaan antara adaptasi spesifik lokasi dan adaptasi luas?,Adaptasi spesifik lokasi: unggul di lingkungan tertentu. Adaptasi luas: stabil dan unggul di berbagai lingkungan.,Keduanya sama saja.,salah,analyzing,2,Adaptasi luas lebih diinginkan untuk varietas yang akan dilepas secara nasional.,bab 15
Apa yang dimaksud dengan stabilitas tanaman?,Kemampuan tanaman untuk mempertahankan performa (daya hasil) yang relatif stabil di berbagai lingkungan dan tahun.,Tanaman yang selalu berubah-ubah.,salah,analyzing,2,Stabilitas penting agar varietas tidak gagal di lokasi berbeda.,bab 15
Mengapa pengujian multilokasi dilakukan?,Untuk mengevaluasi adaptasi dan stabilitas varietas di berbagai lokasi dan musim sebelum dilepas.,Tidak perlu dilakukan.,salah,analyzing,2,Uji multilokasi adalah syarat pelepasan varietas.,bab 15
Apa itu interaksi genotipe × lingkungan (G×E)?,Interaksi antara genotipe tanaman dengan lingkungan yang menyebabkan perbedaan peringkat performa di lokasi berbeda.,Tidak ada interaksi.,salah,analyzing,2,G×E menyebabkan varietas unggul di satu tempat bisa jelek di tempat lain.,bab 15
Apa metode yang digunakan untuk mengukur stabilitas?,"Analisis stabilitas (misalnya Eberhart & Russell), AMMI, dan GGE biplot.",Tidak ada metode.,salah,creating,2,Analisis AMMI dan GGE biplot sangat populer untuk mengukur stabilitas.,bab 15
Mengapa varietas dengan adaptasi luas lebih diinginkan?,Karena dapat ditanam di wilayah yang luas dan mengurangi risiko kegagalan panen.,Hanya cocok di satu lokasi saja.,benar,evaluating,5,Adaptasi luas meningkatkan adopsi petani.,bab 15
Apa keuntungan varietas spesifik lokasi?,Performa sangat tinggi di lingkungan target tertentu.,Tidak ada keuntungan.,benar,analyzing,4,Varietas spesifik lokasi cocok untuk lahan marginal atau kondisi khusus.,bab 15
Apakah stabilitas tanaman sama dengan daya hasil tinggi?,"Tidak, stabilitas adalah konsistensi performa, sedangkan daya hasil adalah rata-rata produktivitas.","Ya, sama saja.",salah,analyzing,2,Varietas berdaya hasil tinggi belum tentu stabil.,bab 15
Apa peran pemulia dalam mengatasi interaksi G×E?,Merancang ideotipe dan menyeleksi galur yang memiliki stabilitas tinggi di berbagai lingkungan.,Mengabaikan G×E.,salah,evaluating,2,Pemulia harus mempertimbangkan G×E dalam program seleksi.,bab 15
Apa yang dimaksud dengan varietas stabil?,Varietas yang performanya relatif konsisten di berbagai lokasi dan tahun.,Varietas yang selalu berubah.,benar,analyzing,5,Stabilitas adalah salah satu kriteria pelepasan varietas.,bab 15
Mengapa uji daya hasil lanjutan penting?,Untuk mengetahui adaptasi dan stabilitas calon varietas di berbagai agroekosistem.,Tidak penting.,salah,creating,2,Uji lanjutan memberikan gambaran nyata di lapangan.,bab 15
Apa dampak perubahan iklim terhadap adaptasi tanaman?,Perubahan iklim dapat mengubah pola adaptasi sehingga diperlukan varietas baru yang lebih toleran.,Tidak ada dampak.,benar,evaluating,4,Pemulia harus mengantisipasi perubahan iklim dalam ideotipe.,bab 15
Apakah semua varietas unggul harus memiliki adaptasi luas?,"Tidak selalu, tergantung target wilayah pelepasan.","Ya, harus.",salah,analyzing,2,Ada varietas yang sengaja dirancang untuk adaptasi spesifik lokasi.,bab 15
Apa yang dimaksud dengan respons terhadap lingkungan?,Perubahan fenotipe tanaman akibat perbedaan lingkungan.,Tanaman tidak merespons lingkungan.,salah,analyzing,2,Respons terhadap lingkungan mempengaruhi stabilitas.,bab 15
Apa keuntungan menggunakan analisis AMMI?,"Dapat memisahkan efek genotipe, lingkungan, dan interaksi G×E secara jelas.",Tidak ada keuntungan.,benar,creating,4,AMMI sangat berguna untuk rekomendasi varietas spesifik lokasi.,bab 15
Mengapa stabilitas penting bagi petani?,Memberikan kepastian hasil panen meskipun kondisi lingkungan berubah-ubah.,Tidak penting bagi petani.,benar,evaluating,5,Stabilitas meningkatkan kepercayaan petani terhadap varietas.,bab 15
Apa hubungan antara adaptasi dan pelepasan varietas?,Varietas harus menunjukkan adaptasi yang baik di wilayah target sebelum dilepas.,Tidak ada hubungan.,salah,analyzing,2,Adaptasi dan stabilitas adalah syarat utama pelepasan varietas.,bab 15
Apakah varietas hibrida cenderung lebih stabil daripada varietas konvensional?,"Tidak selalu, tergantung genotipe dan lingkungan.",Selalu lebih stabil.,salah,analyzing,2,"Stabilitas tergantung pada genotipe, bukan tipe varietas.",bab 15
Apa tujuan utama studi adaptasi dan stabilitas dalam pemuliaan?,Menghasilkan varietas yang sesuai dengan lingkungan target dan stabil di berbagai kondisi.,Tidak ada tujuan khusus.,benar,creating,5,Tujuan akhir adalah varietas yang reliable bagi petani.,bab 15
Jelaskan apa yang dimaksud dengan pelepasan varietas!,Pelepasan varietas adalah proses resmi pemerintah (biasanya oleh Menteri Pertanian) untuk mengumumkan suatu galur/calon varietas sebagai varietas unggul yang dapat diedarkan kepada petani.,Pelepasan varietas adalah penanaman varietas di lapangan.,salah,analyzing,1,Jawaban Anda kurang tepat. Pelepasan adalah pengakuan resmi agar varietas dapat diproduksi dan diedarkan secara legal.,bab 16
Apa syarat utama untuk melepas varietas baru?,"Memiliki silsilah jelas, deskripsi lengkap, unggul dibandingkan varietas existing, dan benih penjenis tersedia.",Tidak ada syarat khusus.,salah,analyzing,2,Syarat pelepasan diatur dalam pedoman Kementerian Pertanian.,bab 16
Apa peran uji multilokasi dalam pelepasan varietas?,Untuk menguji adaptasi dan stabilitas varietas di berbagai lokasi dan musim sebelum dilepas.,Tidak diperlukan.,salah,analyzing,2,Uji multilokasi adalah bukti ilmiah bahwa varietas layak dilepas.,bab 16
Apa itu Perlindungan Varietas Tanaman (PVT)?,Hak kekayaan intelektual yang melindungi varietas tanaman dari penggunaan tanpa izin oleh pihak lain selama periode tertentu.,Perlindungan hanya untuk benih.,salah,analyzing,2,PVT memberikan hak eksklusif kepada pemulia atau perusahaan pemulia.,bab 16
Siapa yang berwenang melepas varietas di Indonesia?,Menteri Pertanian berdasarkan rekomendasi tim pelepasan varietas.,Petani atau peneliti sendiri.,salah,analyzing,1,Pelepasan dilakukan secara resmi oleh Kementerian Pertanian.,bab 16
Apa keuntungan memiliki Perlindungan Varietas Tanaman?,"Mendapatkan penghargaan ekonomi, mencegah pembajakan, dan mendorong investasi pemuliaan.",Tidak ada keuntungan.,benar,evaluating,5,PVT melindungi hasil kerja pemulia selama 20–25 tahun.,bab 16
Apa yang dimaksud dengan varietas unggul lokal?,Varietas yang dilepas dan berasal dari seleksi lokal atau introduksi yang telah diadaptasi.,Varietas impor langsung.,salah,analyzing,2,Varietas unggul lokal biasanya memiliki adaptasi yang baik.,bab 16
Mengapa deskripsi varietas harus lengkap saat pelepasan?,Untuk membedakan varietas tersebut dari varietas lain dan sebagai dasar perlindungan.,Deskripsi tidak penting.,salah,creating,2,Deskripsi yang lengkap menjadi dasar identifikasi dan hak PVT.,bab 16
Apa perbedaan antara pelepasan varietas nasional dan spesifik lokasi?,"Varietas nasional memiliki adaptasi luas, sedangkan spesifik lokasi dianjurkan untuk daerah tertentu.",Keduanya sama saja.,salah,analyzing,2,Varietas spesifik lokasi ditujukan untuk agroekosistem khusus.,bab 16
Apakah varietas hasil bioteknologi (transgenik) dapat dilepas?,"Ya, tetapi harus melalui uji keamanan pangan, lingkungan, dan regulasi yang lebih ketat.",Tidak dapat dilepas.,benar,evaluating,4,Tanaman transgenik memerlukan persetujuan tambahan.,bab 16
Apa yang dimaksud dengan benih penjenis (breeder seed)?,Benih sumber yang digunakan untuk memproduksi benih dasar dan benih bersertifikat.,Benih biasa yang dijual ke petani.,salah,analyzing,2,Benih penjenis harus murni dan tersedia sebelum pelepasan.,bab 16
Mengapa perlindungan varietas penting bagi pemulia?,Memberikan insentif ekonomi dan melindungi investasi waktu serta sumber daya.,Tidak penting.,benar,evaluating,5,PVT mendorong inovasi di bidang pemuliaan.,bab 16
Apa tahapan utama sebelum pelepasan varietas?,Seleksi → Uji daya hasil pendahuluan → Uji lanjutan → Uji multilokasi → Usulan pelepasan.,Langsung dilepas setelah persilangan.,salah,creating,2,Proses ini memastikan varietas benar-benar unggul.,bab 16
Apakah varietas lama dapat dilindungi dengan PVT?,"Biasanya tidak, karena PVT diberikan untuk varietas baru yang memenuhi kriteria kebaruan.","Ya, semua varietas dapat.",salah,analyzing,2,"PVT hanya untuk varietas yang memenuhi persyaratan kebaruan, keunikan, dan keseragaman.",bab 16
Apa peran Komisi Pelepasan Varietas?,Memberikan rekomendasi ilmiah kepada Menteri Pertanian mengenai kelayakan pelepasan.,Tidak ada peran.,salah,analyzing,2,Komisi ini terdiri dari para ahli yang mengevaluasi calon varietas.,bab 16
Apakah pelepasan varietas menjamin kesuksesan di lapangan?,"Tidak, karena masih tergantung adaptasi, manajemen petani, dan kondisi lingkungan.","Ya, selalu sukses.",benar,evaluating,4,Pelepasan hanya langkah awal; keberhasilan tergantung banyak faktor.,bab 16
Apa yang dimaksud dengan VCU (Value for Cultivation and Use)?,Nilai agronomi dan kegunaan varietas yang diuji sebelum pelepasan.,Tidak ada istilah tersebut.,salah,analyzing,2,VCU adalah salah satu kriteria penting pelepasan varietas.,bab 16
"Mengapa varietas harus memiliki DUS (Distinctness, Uniformity, Stability)?",Untuk memenuhi persyaratan Perlindungan Varietas Tanaman.,Tidak perlu.,benar,creating,4,DUS adalah persyaratan internasional untuk PVT.,bab 16
Apa risiko jika varietas dilepas tanpa uji multilokasi yang memadai?,Varietas mungkin gagal di beberapa daerah karena kurang adaptif.,Tidak ada risiko.,salah,evaluating,2,Uji multilokasi mencegah kegagalan skala besar.,bab 16
Apa tujuan akhir pelepasan dan perlindungan varietas?,Menyediakan varietas unggul yang legal bagi petani dan melindungi hak pemulia.,Tidak ada tujuan khusus.,benar,creating,5,Tujuan akhir adalah meningkatkan produktivitas pertanian dan mendorong inovasi.,bab 16
Jelaskan apa yang dimaksud dengan Padi Tipe Baru (PTB)!,"Padi Tipe Baru adalah varietas padi dengan ideotipe: anakan sedikit (8-10), malai lebat (>200 gabah/malai), daun tegak, batang kuat, tinggi 80-100 cm, dan potensi hasil tinggi.",Padi biasa dengan anakan banyak.,salah,analyzing,1,Jawaban Anda kurang tepat. PTB dirancang untuk meningkatkan potensi hasil melalui arsitektur tanaman yang efisien.,bab 17
Apa ciri utama varietas padi tipe baru?,"Anakan sedikit tapi produktif, malai lebat, daun tegak tebal, batang kuat, dan tahan terhadap hama/penyakit utama.",Anakan sangat banyak dan malai kecil.,salah,analyzing,2,Ciri PTB dirancang untuk meningkatkan efisiensi fotosintesis dan hasil gabah.,bab 17
Mengapa padi hibrida dikembangkan di Indonesia?,"Untuk meningkatkan daya hasil melalui heterosis, potensi 20-30% lebih tinggi daripada varietas inbrida.",Tidak ada keuntungan khusus.,salah,analyzing,2,Padi hibrida memanfaatkan heterosis untuk meningkatkan produktivitas.,bab 17
Apa peran galur CMS (A line) dalam produksi padi hibrida?,Galur mandul jantan (Cytoplasmic Male Sterility) yang digunakan sebagai tetua betina untuk produksi benih hibrida.,Galur pemulih fertilitas.,salah,analyzing,2,Galur A memungkinkan produksi benih hibrida tanpa emaskulasi manual.,bab 17
Apa fungsi galur restorer (R line)?,Memiliki gen pemulih fertilitas sehingga hibrida yang dihasilkan fertil.,Galur mandul jantan.,salah,analyzing,2,Restorer line penting agar benih hibrida yang ditanam petani dapat berproduksi normal.,bab 17
Apa keuntungan utama padi hibrida dibandingkan varietas inbrida?,Daya hasil lebih tinggi karena heterosis (20-30% lebih tinggi).,Daya hasil lebih rendah.,benar,analyzing,5,Heterosis adalah keunggulan utama padi hibrida.,bab 17
Apa kelemahan utama padi hibrida?,Petani harus membeli benih baru setiap musim karena vigor menurun pada generasi F2.,Benih dapat disimpan sendiri.,salah,evaluating,2,Kelemahan ini menyebabkan biaya produksi lebih tinggi bagi petani.,bab 17
Apa yang dimaksud dengan single cross hybrid pada padi?,Hibrida hasil persilangan langsung antara dua galur inbrida (A × R).,Hibrida dari banyak galur.,salah,analyzing,2,Single cross biasanya memberikan heterosis paling tinggi.,bab 17
Mengapa emaskulasi pada padi harus dilakukan dengan hati-hati?,"Karena bunga padi kecil dan hermafrodit, sehingga mudah rusak putiknya.",Emaskulasi tidak diperlukan pada padi.,salah,creating,2,Teknik emaskulasi dan penyerbukan padi memerlukan ketelitian tinggi.,bab 17
Apa peran IRRI dalam pemuliaan padi Indonesia?,"Menyediakan plasma nutfah dan teknologi, termasuk pengembangan padi tipe baru.",Tidak berperan.,benar,analyzing,4,IRRI berperan penting dalam penyediaan sumber gen dan varietas.,bab 17
Apakah padi hibrida stabil antar generasi?,"Tidak stabil, vigor heterosis menurun pada generasi F2 dan seterusnya.",Sangat stabil.,benar,evaluating,5,Oleh karena itu petani harus membeli benih hibrida setiap musim.,bab 17
Apa yang dimaksud dengan daya gabung (combining ability) pada padi?,Kemampuan suatu galur untuk menghasilkan keturunan unggul saat disilangkan dengan galur lain.,Kemampuan galur sendiri saja.,salah,analyzing,2,Daya gabung khusus dan umum sangat penting dalam pemilihan tetua hibrida.,bab 17
Mengapa pengujian multilokasi penting untuk varietas padi?,Untuk menilai adaptasi dan stabilitas di berbagai agroekosistem sebelum dilepas.,Tidak diperlukan.,salah,creating,2,Padi ditanam di berbagai tipe lahan sehingga uji multilokasi krusial.,bab 17
Apa ciri morfologi bunga padi yang mempengaruhi teknik persilangan?,"Bunga kecil, hermafrodit, mekar pagi hari, dan memiliki lodikula yang mengatur pembukaan.",Bunga besar dan mudah diemaskulasi.,salah,analyzing,2,Pemahaman morfologi bunga sangat menentukan keberhasilan emaskulasi.,bab 17
Apakah Indonesia telah melepas varietas padi hibrida?,"Ya, telah melepas lebih dari 20 varietas hibrida seperti Hipa series, Maro, Rokan, dll.",Belum ada varietas hibrida.,benar,analyzing,5,Indonesia terus mengembangkan padi hibrida meskipun tantangan produksi benih masih ada.,bab 17
Apa tantangan utama pengembangan padi hibrida di Indonesia?,"Produksi benih hibrida yang sulit, harga benih mahal, dan adopsi petani yang masih rendah.",Tidak ada tantangan.,salah,evaluating,2,Kelembagaan dan permodalan petani menjadi kendala utama.,bab 17
Apa hubungan antara padi tipe baru dengan padi hibrida?,"Keduanya bertujuan meningkatkan potensi hasil, tetapi PTB bersifat inbrida sedangkan hibrida memanfaatkan heterosis.",Tidak ada hubungan.,benar,creating,4,Keduanya merupakan terobosan untuk meningkatkan produktivitas padi.,bab 17
Mengapa plasma nutfah javonica penting untuk pemuliaan padi?,"Karena memiliki sifat seperti batang kuat, daun tegak, dan potensi hasil tinggi yang dapat dikombinasikan dengan indica.",Tidak penting.,benar,analyzing,5,Pemanfaatan javonica adalah dasar pengembangan padi tipe baru.,bab 17
Apa tujuan akhir teknik pemuliaan padi?,"Menghasilkan varietas unggul dengan daya hasil tinggi, tahan hama/penyakit, dan adaptif terhadap lingkungan Indonesia.",Tidak ada tujuan khusus.,benar,evaluating,5,Pemuliaan padi bertujuan mendukung ketahanan pangan nasional.,bab 17
Apakah varietas padi PTB seperti Fatmawati telah dilepas?,"Ya, Fatmawati adalah salah satu varietas padi tipe baru yang telah dilepas.",Belum dilepas.,benar,analyzing,4,Fatmawati merupakan salah satu hasil awal pengembangan PTB di Indonesia.,bab 17
Jelaskan ciri utama jagung manis yang menjadi target pemuliaan!,"Jagung manis memiliki kadar gula tinggi (sukrosa), biji keriput saat kering (gen shrunken-2 atau sugary), rasa manis, dan biasanya dipanen pada umur muda.",Jagung manis sama dengan jagung biasa.,salah,analyzing,1,Jawaban Anda kurang tepat. Jagung manis memiliki mutasi genetik yang meningkatkan kadar gula dan mengubah tekstur biji.,bab 18
Apa gen utama yang mengendalikan sifat manis pada jagung manis?,Gen shrunken-2 (sh2) dan sugary-1 (su1) yang menyebabkan akumulasi sukrosa lebih tinggi.,Gen biasa seperti pada jagung field.,salah,analyzing,2,Gen sh2 adalah yang paling umum digunakan pada jagung manis modern.,bab 18
Mengapa jagung manis harus diisolasi saat produksi benih?,"Karena jagung menyerbuk silang, isolasi diperlukan untuk menjaga kemurnian gen manis dan mencegah kontaminasi dari jagung biasa.",Isolasi tidak diperlukan.,salah,analyzing,2,Jagung sangat mudah terkontaminasi silang karena penyerbukan oleh angin.,bab 18
Apa keuntungan utama jagung manis hibrida?,"Heterosis tinggi, daya hasil lebih besar, rasa manis lebih konsisten, dan seragam.",Tidak ada keuntungan.,benar,analyzing,5,Hibrida jagung manis mendominasi pasar karena vigor dan kualitasnya.,bab 18
Apa itu jagung manis supersweet?,Jagung manis dengan gen sh2 yang memiliki kadar gula sangat tinggi dan daya simpan lebih lama.,Jagung manis biasa.,salah,analyzing,2,Supersweet (sh2) memiliki kadar gula 2-3 kali lebih tinggi daripada sugary biasa.,bab 18
Mengapa pemuliaan jagung manis sering menggunakan backcross?,Untuk memindahkan gen manis (sh2 atau su1) ke galur inbrida unggul sambil mempertahankan karakter agronomi lainnya.,Tidak pernah digunakan.,benar,creating,4,Backcross efektif untuk mengintroduksi gen manis ke tetua elit.,bab 18
Apa kelemahan utama jagung manis supersweet?,"Kulit biji lebih tebal (pericarp), tekstur agak kenyal, dan daya kecambah lebih rendah.",Tidak ada kelemahan.,salah,analyzing,2,Supersweet memiliki kelemahan pada daya simpan benih dan tekstur.,bab 18
Apa peran male sterility dalam pemuliaan jagung manis?,Memudahkan produksi benih hibrida tanpa detasseling manual.,Tidak diperlukan.,benar,analyzing,4,CMS sangat membantu efisiensi produksi benih hibrida jagung.,bab 18
Mengapa jagung manis harus dipanen pada umur 18-22 hari setelah penyerbukan?,"Karena kadar gula mencapai puncak pada fase tersebut, setelah itu gula berubah menjadi pati.",Boleh dipanen kapan saja.,salah,analyzing,2,Waktu panen sangat krusial untuk menjaga rasa manis.,bab 18
Apa yang dimaksud dengan detasseling pada jagung?,Pembuangan bunga jantan (tassel) pada tetua betina untuk mencegah penyerbukan sendiri.,Tidak dilakukan pada jagung.,salah,analyzing,2,Detasseling adalah teknik penting pada produksi benih hibrida jagung.,bab 18
Apakah jagung manis termasuk tanaman menyerbuk silang?,"Ya, jagung bersifat menyerbuk silang yang kuat melalui bantuan angin.",Menyerbuk sendiri.,benar,analyzing,5,Jagung adalah tanaman menyerbuk silang klasik.,bab 18
Apa tantangan utama pemuliaan jagung manis di Indonesia?,"Adaptasi terhadap iklim tropis, ketahanan terhadap hama penyakit, dan produksi benih yang mahal.",Tidak ada tantangan.,salah,evaluating,2,Iklim tropis basah sering menjadi kendala ketahanan penyakit.,bab 18
Apa keuntungan jagung manis hibrida dibandingkan open-pollinated?,"Lebih seragam, daya hasil tinggi, dan kualitas biji lebih baik.",Lebih rendah kualitasnya.,benar,creating,4,Hibrida jagung manis mendominasi pasar komersial.,bab 18
Mengapa isolasi jarak penting dalam produksi benih jagung manis?,Untuk mencegah kontaminasi silang dari jagung field atau varietas lain.,Isolasi tidak diperlukan.,salah,analyzing,2,Jagung memerlukan isolasi ruang yang cukup besar.,bab 18
Apa gen yang paling banyak digunakan untuk jagung manis supersweet?,shrunken-2 (sh2).,sugary-1 (su1).,benar,analyzing,5,sh2 adalah gen supersweet yang paling populer saat ini.,bab 18
Apakah jagung manis dapat disilangkan dengan jagung field?,"Ya, tetapi keturunan biasanya kehilangan sifat manis.",Tidak dapat disilangkan.,salah,analyzing,2,Persilangan antar tipe jagung sering dilakukan untuk introgressi gen.,bab 18
Apa yang dimaksud dengan sweet corn inbred line?,Galur murni yang homozigot untuk gen manis dan memiliki karakter agronomi unggul.,Galur biasa.,salah,analyzing,2,Inbred line adalah tetua dasar pembentukan hibrida jagung manis.,bab 18
Mengapa jagung manis rentan terhadap penyakit?,Karena kadar gula tinggi membuat biji lebih menarik bagi patogen.,Sangat tahan penyakit.,salah,evaluating,2,Kadar gula tinggi sering meningkatkan kerentanan terhadap jamur.,bab 18
Apa tujuan utama pemuliaan jagung manis?,"Menghasilkan varietas dengan rasa manis tinggi, daya hasil baik, tahan penyakit, dan adaptif.",Tidak ada tujuan khusus.,benar,creating,5,Pemuliaan jagung manis difokuskan pada kualitas rasa dan produktivitas.,bab 18
Apakah varietas jagung manis hibrida dapat diperbanyak sendiri oleh petani?,"Tidak dianjurkan, karena vigor dan keseragaman menurun pada generasi berikutnya.","Ya, dapat.",salah,analyzing,2,Petani disarankan membeli benih hibrida setiap musim.,bab 18
Jelaskan asal usul kacang panjang!,Kacang panjang berasal dari Afrika dengan dua pusat penyebaran utama: Afrika Barat (var. unguiculata) dan Asia Tenggara (var. sesquipedalis dan biflora).,Kacang panjang berasal dari Amerika.,salah,analyzing,1,"Jawaban Anda kurang tepat. Pusat asal adalah Afrika, dengan variasi yang berkembang di Asia Tenggara.",bab 19
Apa ciri utama kacang panjang (Vigna sesquipedalis)?,"Polong panjang (30-300 cm), batang merambat atau tegak, daun trifoliata, bunga sempurna, dan termasuk tanaman menyerbuk sendiri.",Polong pendek seperti kacang tunggak.,salah,analyzing,2,Kacang panjang memiliki polong yang sangat panjang dibandingkan kacang tunggak.,bab 19
Mengapa kacang panjang sering digunakan sebagai tanaman model untuk latihan persilangan?,"Karena bunganya cukup besar, mudah diemaskulasi, dan termasuk tanaman menyerbuk sendiri.",Bunganya sangat kecil.,salah,analyzing,2,Bunga kacang panjang ideal untuk latihan teknik persilangan buatan.,bab 19
Apa metode pemuliaan utama yang digunakan pada kacang panjang?,"Metode pemuliaan tanaman menyerbuk sendiri seperti pedigree, single seed descent, dan seleksi galur murni.",Metode hibrida seperti jagung.,salah,analyzing,2,Kacang panjang termasuk tanaman menyerbuk sendiri sehingga metode galur murni lebih sesuai.,bab 19
Apa komponen hasil yang menjadi target utama pemuliaan kacang panjang?,"Panjang polong, jumlah polong per tanaman, dan jumlah biji per polong.",Hanya warna biji.,salah,analyzing,2,Komponen hasil utama adalah panjang polong dan jumlah polong.,bab 19
Apa perbedaan kacang panjang dengan kacang tunggak?,"Kacang panjang memiliki polong jauh lebih panjang dan biasanya dimakan polong mudanya, sedangkan kacang tunggak polongnya pendek dan bijinya yang dimanfaatkan.",Keduanya sama.,salah,analyzing,2,Kacang tunggak (V. unguiculata) polongnya pendek dan lebih kaku.,bab 19
Mengapa isolasi penting dalam persilangan kacang panjang?,Untuk mencegah kontaminasi polen asing meskipun penyerbukan silang alami rendah (<5%).,Isolasi tidak diperlukan.,salah,analyzing,2,Isolasi tetap dilakukan untuk menjaga kemurnian silangan.,bab 19
Apa teknik emaskulasi yang umum dilakukan pada kacang panjang?,Membuang mahkota bunga dan benang sari menggunakan pinset sebelum bunga mekar.,Tidak perlu emaskulasi.,salah,creating,2,Emaskulasi dilakukan dengan hati-hati karena bunga cukup besar.,bab 19
Apa keuntungan utama varietas kacang panjang galur murni?,"Keseragaman tinggi, stabil, dan mudah diperbanyak oleh petani.",Tidak stabil.,benar,analyzing,4,Galur murni sesuai dengan sifat menyerbuk sendiri kacang panjang.,bab 19
Apa tantangan utama pemuliaan kacang panjang?,Ketahanan terhadap penyakit jamur dan virus serta peningkatan panjang polong dan jumlah polong.,Tidak ada tantangan.,salah,evaluating,2,Penyakit virus sering menjadi kendala serius.,bab 19
Apakah kacang panjang termasuk tanaman menyerbuk sendiri?,"Ya, dengan persentase penyerbukan silang sangat rendah (<5%).",Menyerbuk silang kuat.,benar,analyzing,5,Sifat ini menentukan metode pemuliaannya.,bab 19
Apa yang dimaksud dengan varietas kacang panjang tipe merambat?,"Varietas dengan batang panjang yang memanjat, cocok untuk sistem tumpang sari.",Tipe tegak.,salah,analyzing,2,Tipe merambat umum di Indonesia untuk memaksimalkan ruang.,bab 19
Mengapa pemuliaan kacang panjang juga memperhatikan warna biji?,"Karena preferensi konsumen yang beragam terhadap warna biji (hijau, merah, hitam, dll).",Warna biji tidak penting.,benar,analyzing,4,Warna biji mempengaruhi penerimaan pasar.,bab 19
Apa peran persilangan buatan pada kacang panjang?,Untuk menggabungkan karakter unggul seperti ketahanan penyakit dan panjang polong.,Tidak dilakukan.,salah,creating,2,Persilangan buatan adalah cara utama menciptakan variasi.,bab 19
Apakah kacang panjang dapat dimanfaatkan daun mudanya?,"Ya, daun muda enak untuk sayur, sedangkan daun tua untuk pakan ternak.",Tidak dimanfaatkan daunnya.,benar,analyzing,4,"Kacang panjang multifungsi, polong dan daun muda dapat dimakan.",bab 19
Mengapa uji multilokasi penting untuk varietas kacang panjang?,Untuk menilai adaptasi di berbagai agroekosistem sebelum dilepas.,Tidak diperlukan.,salah,evaluating,2,Kacang panjang ditanam di berbagai daerah sehingga adaptasi luas diperlukan.,bab 19
Apa kriteria seleksi utama pada pemuliaan kacang panjang?,"Panjang polong, jumlah polong, ketahanan penyakit, dan kualitas biji.",Hanya ketahanan hama.,salah,analyzing,2,Komponen hasil dan kualitas sangat ditekankan.,bab 19
Apakah varietas kacang panjang dapat dilepas sebagai galur murni?,"Ya, karena sifat menyerbuk sendiri yang kuat.",Hanya sebagai hibrida.,benar,analyzing,5,Varietas kacang panjang umumnya galur murni.,bab 19
Apa tantangan produksi benih kacang panjang?,Menjaga kemurnian karena potensi penyerbukan silang meski rendah.,Tidak ada tantangan.,salah,creating,2,Isolasi tetap diperlukan untuk produksi benih bersertifikat.,bab 19
Apa tujuan akhir pemuliaan kacang panjang?,"Menghasilkan varietas unggul dengan polong panjang, produktif, tahan penyakit, dan sesuai preferensi konsumen.",Tidak ada tujuan khusus.,benar,evaluating,5,Pemuliaan kacang panjang mendukung produksi sayuran nasional.,bab 19
Jelaskan apa itu domestikasi tanaman dan mengapa proses ini penting dalam pemuliaan tanaman!,"Domestikasi adalah proses perubahan dari tumbuhan liar menjadi tanaman budidaya melalui seleksi alam dan seleksi buatan manusia, yang menyebabkan perubahan morfologi, fisiologi, dan biokimia sehingga lebih sesuai dengan kebutuhan manusia dan sistem budidaya. Ini penting karena menjadi dasar pemuliaan tanaman modern dan meningkatkan keragaman genetik.",Domestikasi adalah proses memilih tanaman liar untuk dibudidayakan.,salah,analyzing,2,"Jawaban Anda menyentuh pemilihan tanaman liar, namun kurang lengkap. Domestikasi melibatkan perubahan genetik melalui seleksi yang membuat tanaman lebih sesuai budidaya. Cobalah jelaskan dampaknya terhadap keragaman genetik untuk analisis yang lebih baik.",bab 2
Apa perbedaan antara center of origin dan center of diversity menurut Vavilov?,"Center of origin adalah tempat asal berkembangnya spesies tanaman, sedangkan center of diversity adalah tempat di mana tanaman tersebut secara intensif dibudidayakan sejak lama sehingga keragaman genetik tinggi.","Center of origin dan center of diversity sama saja, yaitu tempat asal tanaman.",salah,analyzing,1,"Jawaban Anda menyamakan keduanya, padahal center of origin adalah tempat asal evolusi spesies, sementara center of diversity adalah area budidaya intensif dengan keragaman tinggi. Perbedaan ini krusial untuk koleksi plasma nutfah.",bab 2
Sebutkan dan jelaskan tiga gene pool dalam pemanfaatan plasma nutfah!,"1. Primary gene pool (GP-1): satu spesies, mudah disilangkan. 2. Secondary gene pool (GP-2): kerabat dekat, ada kendala kromosom. 3. Tertiary gene pool (GP-3): kerabat jauh, butuh embryo rescue.",Primary gene pool adalah yang paling sulit disilangkan.,salah,analyzing,2,"Anda keliru urutan kesulitan. Primary gene pool justru paling mudah karena satu spesies. Pelajari lagi perbedaan GP-1, GP-2, dan GP-3 berdasarkan kekerabatan.",bab 2
Apa tujuan utama koleksi plasma nutfah?,Untuk mempelajari tingkat keragaman genetik dan konservasi/penyelamatan sumber daya genetik agar tidak hilang akibat penggunaan varietas unggul.,Koleksi plasma nutfah hanya untuk disimpan di laboratorium.,salah,analyzing,1,Jawaban terlalu sempit. Tujuannya mencakup studi keragaman dan konservasi in situ/ex situ untuk mendukung pemuliaan jangka panjang.,bab 2
Jelaskan peran Vavilov dalam pemahaman pusat penyebaran tanaman!,"Vavilov melakukan ekspedisi 1920-1940, mengidentifikasi 8 pusat penyebaran genetik berdasarkan keragaman tertinggi.",Vavilov hanya menemukan tanaman di satu tempat.,salah,analyzing,2,"Anda meremehkan kontribusinya. Vavilov mengidentifikasi multiple pusat global, yang menjadi dasar koleksi plasma nutfah modern.",bab 2
Berikan contoh tanaman dari pusat penyebaran China!,"Contoh: padi, kedelai, jeruk, teh (dari tabel spesies).",Pisang berasal dari China.,salah,analyzing,1,"Pisang lebih tepat dari pusat Indo-Malaya. Fokus pada kedelai, jeruk, dll. dari tabel Bab 2.",bab 2
Apa perbedaan konservasi in situ dan ex situ?,"In situ: di tempat asal (taman nasional). Ex situ: di luar, seperti gene bank, kebun raya, atau cryopreservation.","Keduanya sama, yaitu penyimpanan benih.",salah,analyzing,2,"Perbedaan penting: in situ mempertahankan ekosistem alami, ex situ lebih terkendali untuk akses pemulia.",bab 2
Siapa yang bertanggung jawab koleksi plasma nutfah di Indonesia?,"Komisi Nasional Plasma Nutfah (KNPN), LIPI, dan BB Biogen (untuk pertanian).",Hanya petani lokal yang mengelola.,salah,analyzing,1,"Institusi nasional seperti KNPN dan BB Biogen berperan utama, bukan hanya petani.",bab 2
 Jelaskan mengapa keragaman genetik bisa menurun dan bagaimana mengatasinya!,Menurun karena dominasi varietas unggul yang menggantikan landrace. Diatasi dengan koleksi dan konservasi plasma nutfah.,Keragaman tidak pernah menurun.,salah,analyzing,1,Keragaman memang bisa hilang; koleksi ex situ/in situ adalah solusi utama.,bab 2
Apa contoh tanaman dari pusat penyebaran India?,"Padi, mangga, lada, kacang panjang.",Jagung dari India.,salah,analyzing,2,Jagung lebih ke Meksiko-Amerika Tengah. Padi dan mangga adalah contoh klasik dari India.,bab 2
Diskusikan pentingnya gene pool dalam pemuliaan!,"Gene pool menentukan kemudahan persilangan; GP-1 paling mudah, GP-3 butuh teknik khusus seperti embryo rescue.",Gene pool tidak penting.,salah,evaluating,1,Sangat penting untuk memilih tetua silangan yang kompatibel.,bab 2
Apa itu landrace dan mengapa berharga?,"Genotipe lokal hasil seleksi alam/petani, sumber gen adaptasi spesifik lingkungan.",Landrace sama dengan varietas unggul modern.,salah,analyzing,2,"Landrace adalah sumber keragaman alami, berbeda dari varietas hasil pemuliaan.",bab 2
Sebutkan lembaga internasional contoh untuk koleksi plasma nutfah!,"IRRI (padi), CIMMYT (jagung/gandum), CIP (kentang).",Tidak ada lembaga khusus.,salah,analyzing,2,Banyak lembaga CGIAR seperti IRRI dan CIMMYT yang fokus komoditas spesifik.,bab 2
Jelaskan proses domestikasi jagung!,"Jagung didomestikasi pra 2.500 SM di Amerika, melalui seleksi dari teosinte liar.",Jagung berasal dari Eropa.,salah,analyzing,1,Asal Amerika Tengah/Meksiko; seleksi intensif mengubah morfologi.,bab 2
Apa dampak migrasi tanaman terhadap keragaman?,Migrasi menciptakan pusat penyebaran sekunder dan keragaman baru sesuai lingkungan lokal.,Migrasi tidak mempengaruhi keragaman.,salah,creating,2,Migrasi + adaptasi lokal meningkatkan keragaman.,bab 2
Bagaimana gene bank menyimpan plasma nutfah?,"Benih, in vitro, cryopreservation (nitrogen cair).",Hanya ditanam di lapangan.,salah,analyzing,2,Metode ex situ modern termasuk cryopreservation untuk jangka panjang.,bab 2
Apa peran pusat penyebaran Indo-Malaya?,"Asal kelapa, pisang, tebu, jeruk besar.",Hanya padi.,salah,analyzing,1,Termasuk tanaman tropis penting seperti kelapa dan pisang.,bab 2
Diskusikan risiko hilangnya plasma nutfah!,Hilangnya landrace akibat varietas unggul mengurangi sumber gen ketahanan.,Tidak ada risiko.,salah,evaluating,1,Risiko serius; butuh konservasi global.,bab 2
Mengapa pemulia perlu memahami pusat penyebaran?,Untuk koleksi keragaman tinggi sebagai bahan tetua persilangan.,Tidak perlu.,salah,analyzing,1,Pemahaman ini memandu eksplorasi sumber gen efektif.,bab 2
Berikan contoh penggunaan GP-3 dalam pemuliaan!,Persilangan dengan kerabat liar (misalnya padi liar) menggunakan embryo rescue untuk transfer gen ketahanan.,GP-3 sama mudah dengan GP-1.,salah,creating,2,"GP-3 sulit, memerlukan teknik lanjutan untuk introgressi gen.",bab 2
Apa nama ilmiah kelapa sawit yang paling umum diusahakan?,Elaeis guineensis Jacq.,Elaeis guineensis Jacq.,benar,analyzing,5,Jawaban sangat tepat! Elaeis guineensis adalah spesies utama kelapa sawit komersial.,bab 20
Sebutkan asal-usul kelapa sawit!,Berasal dari Afrika dan Amerika Selatan (Brasil).,Berasal dari Afrika saja.,salah,analyzing,2,Kelapa sawit berasal dari kedua benua tersebut. Pengetahuan asal-usul penting untuk pemuliaan.,bab 20
Apa famili tanaman kelapa sawit?,Arecaceae (dahulu Palmae).,Poaceae.,salah,analyzing,1,"Kelapa sawit termasuk famili Arecaceae, bukan rumput-rumputan.",bab 20
Sebutkan tujuan utama pemuliaan kelapa sawit!,"Meningkatkan produktivitas tandan, rendemen minyak (CPO), pertumbuhan lambat, tahan penyakit, dan mudah dipanen.",Hanya untuk memperbesar ukuran buah.,salah,analyzing,2,"Tujuan pemuliaan sangat luas, termasuk rendemen minyak dan ketahanan.",bab 20
"Apa arti genotipe Dura, Pisifera, dan Tenera?","Dura (cangkang tebal), Pisifera (cangkang tipis), Tenera (cangkang sedang, hasil persilangan D x P).",Semua sama saja.,salah,analyzing,1,Perbedaan ketebalan cangkang sangat penting dalam pemuliaan kelapa sawit.,bab 20
Apa metode pemuliaan utama yang digunakan pada kelapa sawit?,Recurrent Reciprocal Selection (RRS).,Seleksi massa sederhana.,salah,analyzing,2,RRS digunakan untuk meningkatkan daya gabung umum dan khusus.,bab 20
Apa keunggulan varietas Tenera?,Produktivitas tinggi karena cangkang sedang dan daging buah lebih tebal.,Cangkang sangat tebal.,salah,analyzing,1,Tenera memiliki daging buah lebih banyak sehingga rendemen minyak lebih tinggi.,bab 20
Berapa lama kelapa sawit mulai berbunga?,12–14 bulan setelah tanam.,24 bulan setelah tanam.,salah,analyzing,1,"Kelapa sawit mulai berbunga relatif cepat, sekitar 12–14 bulan.",bab 20
Apa yang dimaksud dengan sex-ratio pada kelapa sawit?,Perbandingan jumlah tandan bunga betina terhadap total tandan bunga.,Hanya jumlah bunga jantan.,salah,analyzing,2,Sex-ratio penting untuk estimasi produksi dan polinasi.,bab 20
Apa ciri tandan bunga betina kelapa sawit?,"Lebih pendek dan gemuk, terdiri dari 100–200 spikelet.",Panjang dan ramping.,salah,analyzing,1,Tandan betina lebih gemuk dan pendek dibandingkan jantan.,bab 20
Apa nama ilmiah kelapa sawit yang paling umum diusahakan?,Elaeis guineensis Jacq.,Elaeis oleifera.,salah,analyzing,2,"E. guineensis adalah spesies utama komersial, sedangkan E. oleifera berasal dari Amerika.",bab 20
Sebutkan asal-usul kelapa sawit!,Berasal dari Afrika dan Amerika Selatan (Brasil).,Berasal dari Asia Tenggara.,salah,analyzing,1,"Kelapa sawit bukan asli Asia, melainkan diintroduksi.",bab 20
Apa famili tanaman kelapa sawit?,Arecaceae (dahulu Palmae).,Fabaceae.,salah,analyzing,1,Famili yang benar adalah Arecaceae.,bab 20
Sebutkan tujuan utama pemuliaan kelapa sawit!,"Meningkatkan produktivitas tandan, rendemen minyak (CPO), pertumbuhan lambat, tahan penyakit, dan mudah dipanen.",Hanya untuk ketahanan kekeringan.,salah,analyzing,2,Tujuan pemuliaan mencakup banyak karakter agronomi.,bab 20
"Apa arti genotipe Dura, Pisifera, dan Tenera?","Dura (cangkang tebal), Pisifera (cangkang tipis), Tenera (cangkang sedang, hasil persilangan D x P).",Hanya ada Dura dan Tenera.,salah,analyzing,2,Pisifera juga penting sebagai tetua jantan.,bab 20
Apa metode pemuliaan utama yang digunakan pada kelapa sawit?,Recurrent Reciprocal Selection (RRS).,Hibridisasi sederhana saja.,salah,analyzing,2,RRS adalah metode utama untuk perbaikan daya gabung.,bab 20
Apa keunggulan varietas Tenera?,Produktivitas tinggi karena cangkang sedang dan daging buah lebih tebal.,Produktivitas rendah.,salah,analyzing,1,Tenera unggul karena rendemen minyak yang lebih tinggi.,bab 20
Berapa lama kelapa sawit mulai berbunga?,12–14 bulan setelah tanam.,Lebih dari 3 tahun.,salah,analyzing,1,Waktu berbunga kelapa sawit relatif cepat.,bab 20
Apa yang dimaksud dengan sex-ratio pada kelapa sawit?,Perbandingan jumlah tandan bunga betina terhadap total tandan bunga.,Tidak penting untuk produksi.,salah,analyzing,2,Sex-ratio sangat penting untuk prediksi hasil panen.,bab 20
Apa ciri tandan bunga betina kelapa sawit?,"Lebih pendek dan gemuk, terdiri dari 100–200 spikelet.",Panjang dan ramping seperti jantan.,salah,analyzing,1,Tandan betina gemuk dan pendek.,bab 20
Jelaskan ciri utama semangka sebagai tanaman pemuliaan!,"Semangka termasuk tanaman menyerbuk silang, monoecious (bunga jantan dan betina terpisah pada satu tanaman), dan memiliki variasi besar pada ukuran, warna daging, dan bentuk buah.",Semangka termasuk tanaman menyerbuk sendiri.,salah,analyzing,1,Jawaban Anda kurang tepat. Semangka bersifat menyerbuk silang sehingga memerlukan isolasi yang ketat saat persilangan.,bab 21
Apa yang dimaksud dengan semangka seedless?,Semangka triploid (3n) hasil persilangan antara tetraploid (4n) dengan diploid (2n) sehingga bijinya sangat kecil atau tidak ada.,Semangka biasa dengan biji besar.,salah,analyzing,2,Semangka seedless sangat populer di pasaran karena kenyamanan konsumen.,bab 21
Apa keuntungan utama varietas semangka hibrida?,"Heterosis tinggi sehingga buah lebih besar, seragam, dan daya hasil meningkat.",Tidak ada keuntungan.,benar,analyzing,5,Hibrida semangka mendominasi pasar komersial.,bab 21
Mengapa isolasi sangat penting dalam produksi benih semangka?,"Karena semangka menyerbuk silang kuat melalui bantuan lebah, sehingga mudah terkontaminasi.",Isolasi tidak diperlukan.,salah,analyzing,2,Isolasi ruang atau kantong isolasi sangat krusial.,bab 21
Apa peran tetraploid dalam pemuliaan semangka seedless?,Digunakan sebagai tetua betina untuk menghasilkan benih triploid.,Tidak berperan.,salah,analyzing,2,Tetraploid × diploid menghasilkan benih triploid (seedless).,bab 21
Apa target utama pemuliaan semangka?,"Ukuran buah, warna dan kemanisan daging buah, ketebalan kulit, daya simpan, dan ketahanan penyakit.",Hanya warna kulit.,salah,analyzing,2,Pemuliaan semangka sangat fokus pada kualitas buah dan daya simpan.,bab 21
Apa kelemahan utama semangka seedless?,Produksi benih mahal dan daya kecambah lebih rendah dibandingkan diploid.,Tidak ada kelemahan.,benar,evaluating,4,Produksi benih triploid memerlukan teknik khusus dan biaya tinggi.,bab 21
Apa metode pemuliaan utama yang digunakan pada semangka?,Persilangan buatan diikuti seleksi pedigree atau backcross untuk memasukkan gen ketahanan.,Hanya seleksi massa.,salah,creating,2,"Karena menyerbuk silang, pedigree dan backcross banyak digunakan.",bab 21
Mengapa detasseling tidak dilakukan pada semangka?,"Karena bunga jantan dan betina terpisah (monoecious), cukup dengan isolasi atau penutupan bunga betina.",Detasseling selalu dilakukan.,salah,analyzing,2,"Pada semangka, penutupan bunga betina lebih umum daripada detasseling.",bab 21
Apa yang dimaksud dengan semangka tipe diploid?,"Semangka biasa dengan 2n kromosom, berbiji normal, dan masih banyak dibudidayakan.",Semangka tanpa biji.,salah,analyzing,2,Tipe diploid masih dominan untuk produksi benih dan beberapa segmen pasar.,bab 21
Apakah semangka termasuk tanaman menyerbuk silang?,"Ya, penyerbukan silang dominan melalui bantuan serangga (lebah).",Menyerbuk sendiri.,benar,analyzing,5,Sifat ini mempengaruhi strategi isolasi dan produksi benih.,bab 21
Apa tantangan utama pemuliaan semangka di Indonesia?,Ketahanan terhadap penyakit layu Fusarium dan antraknosa serta adaptasi terhadap iklim tropis.,Tidak ada tantangan.,salah,evaluating,2,Penyakit tanah menjadi kendala serius di lahan basah.,bab 21
Apa keuntungan semangka hibrida dibandingkan open-pollinated?,"Lebih seragam, buah lebih besar, dan kualitas daging lebih baik.",Lebih rendah kualitasnya.,benar,analyzing,4,Hibrida semangka banyak digunakan untuk pasar premium.,bab 21
Mengapa pemuliaan semangka juga memperhatikan warna daging?,"Karena preferensi konsumen yang beragam (merah, kuning, orange).",Warna tidak penting.,benar,analyzing,4,Warna daging mempengaruhi nilai jual di pasar.,bab 21
Apa peran lebah dalam pemuliaan semangka?,Sebagai penyerbuk alami yang sangat penting untuk produksi benih.,Tidak berperan.,salah,creating,2,Lebah sangat krusial untuk keberhasilan penyerbukan silang.,bab 21
Apakah semangka seedless dapat diperbanyak dengan biji?,"Ya, tetapi benihnya dihasilkan dari persilangan tetraploid × diploid.",Tidak dapat.,salah,analyzing,2,Benih seedless harus dibeli setiap musim.,bab 21
Apa yang dimaksud dengan daya simpan pada semangka?,Kemampuan buah bertahan lama setelah panen tanpa cepat busuk atau kehilangan kualitas.,Tidak penting.,salah,analyzing,2,Daya simpan menjadi target penting untuk distribusi jarak jauh.,bab 21
Apa risiko utama persilangan antar varietas semangka?,Kontaminasi genetik jika isolasi tidak ketat.,Tidak ada risiko.,salah,evaluating,2,Isolasi yang baik sangat diperlukan.,bab 21
Apa tujuan akhir pemuliaan semangka?,"Menghasilkan varietas unggul dengan buah besar, manis, tahan penyakit, dan sesuai preferensi pasar.",Tidak ada tujuan khusus.,benar,creating,5,Pemuliaan semangka mendukung industri hortikultura buah.,bab 21
Mengapa varietas semangka hibrida lebih mahal?,Karena proses produksi benih yang rumit dan memerlukan isolasi ketat.,Lebih murah.,salah,analyzing,2,Biaya produksi benih hibrida memang lebih tinggi.,bab 21
Jelaskan asal-usul tanaman pepaya (Carica papaya L.) beserta pusat penyebarannya!,"Pepaya berasal dari Amerika tropis, khususnya sekitar Meksiko bagian selatan dan Nikaragua. Disebarkan ke Filipina oleh Spanyol abad ke-16, kemudian ke Malaka dan India oleh Portugis, dan meluas ke Pasifik termasuk Hawaii pada tahun 1800.",Pepaya berasal dari Amerika tropis (Meksiko dan Nikaragua) dan menyebar ke Asia melalui bangsa Spanyol dan Portugis.,benar,analyzing,5,Bagus! Jawaban Anda sudah sangat tepat dan lengkap mengenai asal-usul serta jalur penyebaran pepaya. Terus pertahankan pemahaman sejarah domestikasi tanaman ini.,bab 22
Apa saja jenis bunga pada tanaman pepaya? Jelaskan perbedaannya secara singkat!,"Pepaya memiliki tiga jenis bunga: jantan (tabung ramping, tidak berbuah), betina (besar, bakal buah bulat, berbuah), dan hermaprodit (memiliki putik dan benang sari, dibedakan menjadi elongata, petandria, dan antara).","Pepaya memiliki tiga jenis bunga yaitu jantan, betina, dan hermaprodit dengan perbedaan ukuran dan kemampuan berbuah.",benar,analyzing,4,Jawaban Anda sudah baik. Tambahkan sedikit detail tentang fungsi masing-masing jenis bunga agar semakin lengkap.,bab 22
Sebutkan tujuan utama program pemuliaan pepaya!,"Tujuan utama adalah mendapatkan varietas yang kuat, perawakan pendek, cepat berbuah, resisten hama/penyakit, produktivitas tinggi, buah berkualitas (kulit halus, daging tebal, shelf life lama), dengan arah hibrida dan bersari bebas.","Tujuan pemuliaan pepaya adalah meningkatkan produktivitas, ketahanan terhadap penyakit, dan kualitas buah.",benar,analyzing,5,Sangat baik! Anda berhasil merangkum tujuan pemuliaan secara komprehensif.,bab 22
Apa kendala utama dalam budidaya pepaya yang dapat diatasi melalui pemuliaan?,"Produktivitas rendah, kerentanan terhadap hama/penyakit (misalnya PRSV), banyak bunga karpeloid/steril, dan variasi tinggi akibat penyerbukan silang.",Kendala utama adalah serangan PRSV dan produktivitas rendah yang dapat diatasi dengan pemuliaan.,benar,analyzing,4,Jawaban sudah tepat. Anda bisa tambahkan variasi genetik tinggi sebagai salah satu kendala.,bab 22
Jelaskan cara memperoleh galur murni pada pepaya!,"Melalui selfing terus-menerus pada tanaman hermaprodit hingga 6-7 generasi. Namun, galur murni 100% sulit dicapai karena gen sex heterozigot (M^H m).",Galur murni diperoleh melalui selfing berulang pada tanaman hermaprodit.,benar,analyzing,4,Bagus! Penjelasan Anda sudah sesuai dengan metode yang digunakan pada pepaya.,bab 22
Sebutkan contoh varietas pepaya kelompok buah besar lonjong yang populer di Indonesia!,"Dampit, Jingga, dan Paris.","Dampit, Jingga, dan Paris.",benar,analyzing,5,Jawaban tepat sekali! Anda menguasai klasifikasi varietas pepaya berdasarkan ukuran dan bentuk buah.,bab 22
Apa ciri khas varietas Sunrise Solo?,"Ginodioecious, daging buah merah jingga (pepaya stroberi), bentuk pear, bobot 250-500g, PTT 15.5-16%, populer di Malaysia.","Daging buah merah jingga, ukuran sedang, dan kualitas ekspor yang tinggi.",benar,analyzing,4,Jawaban sudah sangat baik. Sunrise Solo memang varietas unggul berkualitas tinggi.,bab 22
Bagaimana peran eksplorasi plasma nutfah dalam pemuliaan pepaya di Indonesia?,"Menyediakan keragaman genetik (41 genotipe dari Balitbu Solok, termasuk C. cauliflora tahan PRSV dan C. pubescens untuk warna kuning), plus introduksi dari MARDI.",Eksplorasi plasma nutfah menyediakan sumber gen ketahanan seperti C. cauliflora untuk PRSV.,benar,analyzing,5,Penjelasan yang sangat baik! Plasma nutfah sangat penting dalam program pemuliaan pepaya Indonesia.,bab 22
Apa tantangan genetika dalam pembentukan varietas pepaya hibrida?,Ekspresi sex dikendalikan gen heterozigot sehingga sulit galur murni 100%; penyerbukan silang menyebabkan variasi tinggi.,Tantangan utama adalah sulitnya mendapatkan galur murni karena sifat heterozigot gen sex.,benar,analyzing,4,Analisis Anda sudah tepat mengenai kendala genetika pepaya.,bab 22
Apa manfaat spesies liar seperti C. cauliflora dalam pemuliaan pepaya?,Sumber gen ketahanan terhadap Papaya Ring Spot Virus (PRSV).,C. cauliflora merupakan sumber ketahanan terhadap PRSV.,benar,analyzing,5,Jawaban sangat tepat dan langsung ke inti permasalahan penyakit utama pepaya.,bab 22
Apa saja jenis bunga pada tanaman pepaya? Jelaskan perbedaannya secara singkat!,"Pepaya memiliki tiga jenis bunga: jantan (tabung ramping, tidak berbuah), betina (besar, bakal buah bulat, berbuah), dan hermaprodit (memiliki putik dan benang sari, dibedakan menjadi elongata, petandria, dan antara).",Pepaya hanya memiliki bunga jantan dan betina saja.,salah,analyzing,1,Jawaban Anda kurang lengkap karena mengabaikan keberadaan bunga hermaprodit yang sangat penting dalam pemuliaan.,bab 22
Sebutkan tujuan utama program pemuliaan pepaya!,"Tujuan utama adalah mendapatkan varietas yang kuat, perawakan pendek, cepat berbuah, resisten hama/penyakit, produktivitas tinggi, buah berkualitas (kulit halus, daging tebal, shelf life lama), dengan arah hibrida dan bersari bebas.",Tujuan pemuliaan pepaya hanya untuk meningkatkan ukuran buah saja.,salah,analyzing,1,Jawaban terlalu sempit. Tujuan pemuliaan mencakup banyak aspek seperti ketahanan dan kualitas buah.,bab 22
Apa kendala utama dalam budidaya pepaya yang dapat diatasi melalui pemuliaan?,"Produktivitas rendah, kerentanan terhadap hama/penyakit (misalnya PRSV), banyak bunga karpeloid/steril, dan variasi tinggi akibat penyerbukan silang.",Tidak ada kendala signifikan dalam budidaya pepaya.,salah,analyzing,0,Jawaban tidak sesuai. Produktivitas rendah dan PRSV adalah masalah utama yang diatasi melalui pemuliaan.,bab 22
Jelaskan cara memperoleh galur murni pada pepaya!,"Melalui selfing terus-menerus pada tanaman hermaprodit hingga 6-7 generasi. Namun, galur murni 100% sulit dicapai karena gen sex heterozigot (M^H m).",Galur murni diperoleh dengan persilangan antar varietas.,salah,analyzing,2,Pepaya sulit menghasilkan galur murni melalui persilangan biasa. Selfing pada hermaprodit adalah metode utamanya.,bab 22
Apa ciri khas varietas Sunrise Solo?,"Ginodioecious, daging buah merah jingga (pepaya stroberi), bentuk pear, bobot 250-500g, PTT 15.5-16%, populer di Malaysia.",Buahnya sangat besar dan berat.,salah,analyzing,1,Sunrise Solo termasuk kelompok kecil. Ukuran besar lebih cocok untuk varietas seperti Dampit.,bab 22
Bagaimana peran eksplorasi plasma nutfah dalam pemuliaan pepaya di Indonesia?,"Menyediakan keragaman genetik (41 genotipe dari Balitbu Solok, termasuk C. cauliflora tahan PRSV dan C. pubescens untuk warna kuning), plus introduksi dari MARDI.",Plasma nutfah tidak penting karena pepaya sudah banyak varietas.,salah,analyzing,1,Plasma nutfah sangat krusial terutama untuk sumber ketahanan penyakit.,bab 22
Apa tantangan genetika dalam pembentukan varietas pepaya hibrida?,Ekspresi sex dikendalikan gen heterozigot sehingga sulit galur murni 100%; penyerbukan silang menyebabkan variasi tinggi.,Tidak ada tantangan genetika.,salah,analyzing,1,Tantangan genetika sex linkage pada pepaya cukup signifikan dalam program hibrida.,bab 22
Apa manfaat spesies liar seperti C. cauliflora dalam pemuliaan pepaya?,Sumber gen ketahanan terhadap Papaya Ring Spot Virus (PRSV).,Tidak ada manfaat.,salah,analyzing,0,Spesies liar seperti C. cauliflora sangat penting sebagai donor gen ketahanan.,bab 22
Sebutkan contoh varietas pepaya kelompok buah besar lonjong yang populer di Indonesia!,"Dampit, Jingga, dan Paris.",Solo dan Eksotika.,salah,analyzing,2,Solo termasuk kelompok kecil. Dampit dan sejenisnya lebih sesuai untuk kelompok besar.,bab 22
Diskusikan tantangan utama pemuliaan pepaya di Indonesia!,"Produktivitas rendah, serangan PRSV, variasi tinggi akibat outcrossing, dan kebutuhan varietas adaptif lokal.",Semua sudah teratasi dengan varietas existing.,salah,creating,1,Masih banyak tantangan yang perlu diatasi melalui pemuliaan berkelanjutan.,bab 22
Apa nama Indonesia untuk tanaman Aglaonema?,"Sri Rejeki, yang berarti tanaman pembawa keberuntungan.",Aglaonema disebut Sri Rejeki di Indonesia.,benar,analyzing,5,Jawaban sangat tepat! Anda menguasai nama lokal dan maknanya.,bab 23
Dari mana asal tanaman Aglaonema?,Benua Asia. Di Indonesia dikenal sebagai tanaman hias indoor yang menyukai tempat teduh.,Aglaonema berasal dari Amerika.,salah,analyzing,1,"Jawaban kurang tepat. Aglaonema berasal dari Asia, bukan Amerika. Perhatikan asal-usul tanaman hias ini.",bab 23
Sebutkan keluarga tanaman yang termasuk Aglaonema!,"Famili Araceae (bersama Dieffenbachia, Anthurium, Philodendron, Spathiphyllum).",Famili Liliaceae.,salah,analyzing,1,Aglaonema termasuk Araceae. Keluarga ini penting untuk memahami karakter morfologi tanaman.,bab 23
Apa yang menjadi daya tarik utama Aglaonema?,Keindahan daun (warna dan corak yang memikat).,Bunga yang indah.,salah,analyzing,2,"Daya tarik utama adalah daun, bukan bunga. Bunga Aglaonema kurang menarik.",bab 23
Siapa yang merakit Aglaonema Pride of Sumatra?,Gregori Garnadi Hambali (persilangan interspesifik A. rotundum x A. commutatum var. Tricolor).,Gregori Garnadi Hambali merakit Pride of Sumatra.,benar,analyzing,5,Jawaban tepat! Ini tonggak penting dalam pemuliaan Aglaonema Indonesia.,bab 23
Apa ciri khas Aglaonema rotundum?,Daun berwarna merah (satu-satunya spesies merah alami).,Daun hijau biasa.,salah,analyzing,1,A. rotundum adalah donor warna merah yang sangat penting dalam hibridisasi.,bab 23
Sebutkan tujuan utama pemuliaan Aglaonema!,"Merakit varietas dengan warna & bentuk daun menarik, tanaman kokoh kompak, bentuk unik, dan tahan penyakit.",Hanya untuk meningkatkan ukuran daun.,salah,analyzing,2,"Tujuan pemuliaan mencakup banyak aspek estetika dan ketahanan, bukan hanya ukuran.",bab 23
Aglaonema termasuk tanaman menyerbuk silang atau sendiri?,Menyerbuk silang (outcrossing).,Menyerbuk sendiri.,salah,analyzing,1,Aglaonema menyerbuk silang sehingga varietas unggul dipertahankan secara vegetatif.,bab 23
Apa keunggulan hibrida Aglaonema?,Keunggulan hibrida dapat dipertahankan melalui perbanyakan vegetatif.,Hibrida tidak stabil.,salah,analyzing,2,Keunggulan hibrida Aglaonema sangat stabil melalui stek atau kultur jaringan.,bab 23
Sebutkan spesies Aglaonema yang sering digunakan sebagai tetua persilangan!,"A. rotundum, A. costatum, A. crispum, A. pictum, A. siamense.",Hanya A. rotundum.,benar,analyzing,4,Jawaban sudah baik. Beberapa spesies ini menjadi sumber keragaman warna dan corak.,bab 23
Bagaimana cara perbanyakan untuk mempertahankan varietas hibrida Aglaonema?,Perbanyakan vegetatif (stek batang atau kultur jaringan).,Melalui biji.,salah,analyzing,1,"Karena menyerbuk silang, perbanyakan vegetatif lebih diutamakan untuk mempertahankan sifat unggul.",bab 23
Apa yang dimaksud dengan Aglaonema spesies?,"Aglaonema asli dari alam (25 spesies, sebagian besar hijau, satu merah).",Aglaonema hasil persilangan.,salah,analyzing,2,"Aglaonema spesies adalah yang alami, sedangkan hibrida hasil persilangan.",bab 23
Mengapa bunga Aglaonema biasanya dipotong oleh hobiis?,Karena munculnya bunga menyebabkan daun mengecil (kekurangan hara).,Karena bunganya sangat indah.,salah,analyzing,1,Bunga Aglaonema kurang menarik dan mengurangi kualitas daun.,bab 23
Apa warna buah Aglaonema yang matang?,Merah.,Hijau.,salah,analyzing,1,Buah Aglaonema matang berwarna merah dan mengandung biji.,bab 23
Deskripsikan morfologi daun Aglaonema!,"Bentuk oval sampai lanset, tekstur kaku, warna bervariasi (hijau, putih, kuning, merah), motif beragam.",Daun selalu hijau polos.,salah,analyzing,2,Variasi warna dan motif daun adalah kekayaan utama Aglaonema.,bab 23
Apa perbedaan selera pasar Eropa/Amerika dengan Asia terhadap Aglaonema?,"Eropa & Amerika menyukai warna hijau/nada hijau, Asia menyukai warna cerah (merah, oranye, kuning).",Selera sama di seluruh dunia.,salah,analyzing,2,Ada perbedaan selera yang jelas antar benua.,bab 23
Apa langkah awal persilangan buatan Aglaonema?,"Memilih tetua yang sedang berbunga dengan karakter unggul, kemudian memilih bunga betina yang seludangnya mekar.",Tidak perlu memilih tetua.,salah,analyzing,1,Pemilihan tetua yang tepat adalah kunci keberhasilan persilangan.,bab 23
Berapa lama waktu dari pembuahan sampai buah Aglaonema matang?,Sekitar empat bulan.,Satu bulan.,salah,analyzing,1,Proses pematangan buah Aglaonema memakan waktu sekitar 4 bulan.,bab 23
Siapa yang disebut sebagai pemulia Aglaonema terkenal di Indonesia?,Gregori Garnadi Hambali.,Tidak ada pemulia terkenal.,salah,analyzing,1,Gregori Garnadi Hambali adalah tokoh penting dengan karya Pride of Sumatra.,bab 23
Apa teknik utama setelah mendapatkan hibrida Aglaonema?,Seleksi berdasarkan ideotipe kemudian perbanyakan vegetatif untuk mempertahankan sifat.,Langsung disebarkan melalui biji.,benar,analyzing,4,Jawaban tepat. Perbanyakan vegetatif menjaga keunggulan hibrida.,bab 23
Apa yang menjadi daya tarik utama tanaman anggrek?,"Bunga yang indah, beragam bentuk dan corak, serta tahan lama (2-3 minggu).","Bunga yang indah, beragam bentuk dan corak, serta tahan lama (2-3 minggu).",benar,analyzing,5,Jawaban sangat tepat! Anda mengidentifikasi daya tarik utama anggrek dengan baik.,bab 24
Berapa jumlah spesies anggrek alam yang ada di Indonesia?,Minimal 5.000 spesies alam.,Minimal 5.000 spesies alam.,benar,analyzing,5,Jawaban benar. Indonesia memang sangat kaya akan keanekaragaman anggrek.,bab 24
Sebutkan contoh anggrek tipe monopodial!,Phalaenopsis sp. dan Vanda sp.,Phalaenopsis sp. dan Vanda sp.,benar,analyzing,5,Contoh yang tepat! Kedua jenis ini termasuk monopodial.,bab 24
Apa ciri utama anggrek tipe simpodial?,"Memiliki lebih dari satu titik tumbuh, memiliki pseudobulb, dan biasanya epifit.","Memiliki lebih dari satu titik tumbuh, memiliki pseudobulb, dan biasanya epifit.",benar,analyzing,4,Penjelasan ciri simpodial sudah baik dan lengkap.,bab 24
Sebutkan tujuan utama pemuliaan anggrek!,"Merakit varietas dengan warna & bentuk bunga menarik, jumlah kuntum banyak, masa mekar lama, dan produksi tinggi.","Merakit varietas dengan warna & bentuk bunga menarik, jumlah kuntum banyak, masa mekar lama, dan produksi tinggi.",benar,analyzing,5,Anda berhasil merangkum tujuan pemuliaan dengan baik.,bab 24
Apa bentuk bunga ideal untuk anggrek Dendrobium?,Bentuk bintang.,Bentuk bintang.,benar,analyzing,4,Bentuk bintang memang dianggap ideal untuk Dendrobium.,bab 24
Apa warna bunga yang dianggap paling ideal untuk anggrek?,Putih (melambangkan keanggunan dan kesucian).,Putih (melambangkan keanggunan dan kesucian).,benar,analyzing,5,Jawaban tepat. Warna putih sangat dihargai di pasaran.,bab 24
Anggrek termasuk tanaman menyerbuk silang atau sendiri?,Menyerbuk silang (outcrossing).,Menyerbuk silang (outcrossing).,benar,analyzing,4,Benar. Anggrek umumnya menyerbuk silang.,bab 24
Apa keunggulan hibrida anggrek?,Keunggulan dapat dipertahankan melalui perbanyakan vegetatif.,Keunggulan dapat dipertahankan melalui perbanyakan vegetatif.,benar,analyzing,5,Penjelasan yang sangat baik mengenai keunggulan hibrida.,bab 24
Apa yang dimaksud dengan polinia pada bunga anggrek?,Polen yang tidak memiliki zat perekat.,Polen yang tidak memiliki zat perekat.,benar,analyzing,4,Definisi polinia sudah tepat.,bab 24
Apa yang menjadi daya tarik utama tanaman anggrek?,"Bunga yang indah, beragam bentuk dan corak, serta tahan lama (2-3 minggu).",Daunnya yang hijau dan lebat.,salah,analyzing,1,"Daya tarik utama adalah bunga, bukan daun. Perhatikan kembali karakteristik anggrek.",bab 24
Berapa jumlah spesies anggrek alam yang ada di Indonesia?,Minimal 5.000 spesies alam.,Sekitar 800 spesies.,salah,analyzing,1,"Jumlah spesies anggrek di Indonesia jauh lebih banyak, minimal 5.000 spesies.",bab 24
Sebutkan contoh anggrek tipe monopodial!,Phalaenopsis sp. dan Vanda sp.,Dendrobium sp. dan Cattleya sp.,salah,analyzing,2,"Dendrobium dan Cattleya termasuk simpodial, bukan monopodial.",bab 24
Apa ciri utama anggrek tipe simpodial?,"Memiliki lebih dari satu titik tumbuh, memiliki pseudobulb, dan biasanya epifit.",Hanya satu batang tunggal.,salah,analyzing,1,Ciri simpodial adalah banyak titik tumbuh dan pseudobulb.,bab 24
Sebutkan tujuan utama pemuliaan anggrek!,"Merakit varietas dengan warna & bentuk bunga menarik, jumlah kuntum banyak, masa mekar lama, dan produksi tinggi.",Hanya untuk meningkatkan ketahanan terhadap hama.,salah,analyzing,2,Tujuan pemuliaan jauh lebih luas daripada sekadar ketahanan hama.,bab 24
Apa bentuk bunga ideal untuk anggrek Dendrobium?,Bentuk bintang.,Bentuk bulat.,salah,analyzing,1,"Bentuk ideal untuk Dendrobium adalah bintang, bukan bulat.",bab 24
Apa warna bunga yang dianggap paling ideal untuk anggrek?,Putih (melambangkan keanggunan dan kesucian).,Merah menyala.,salah,analyzing,2,Warna putih lebih dianggap ideal dibandingkan merah.,bab 24
Anggrek termasuk tanaman menyerbuk silang atau sendiri?,Menyerbuk silang (outcrossing).,Menyerbuk sendiri sepenuhnya.,salah,analyzing,1,Anggrek termasuk tanaman menyerbuk silang.,bab 24
Apa keunggulan hibrida anggrek?,Keunggulan dapat dipertahankan melalui perbanyakan vegetatif.,Hibrida tidak stabil dan sulit diperbanyak.,salah,analyzing,2,Keunggulan hibrida justru dipertahankan dengan perbanyakan vegetatif.,bab 24
Apa yang dimaksud dengan polinia pada bunga anggrek?,Polen yang tidak memiliki zat perekat.,Polen yang memiliki zat perekat (polinaria).,salah,analyzing,1,"Polinia tidak memiliki zat perekat, sedangkan polinaria memiliki.",bab 24
Apa nama ilmiah kelapa sawit yang paling umum diusahakan?,Elaeis guineensis Jacq.,Elaeis guineensis Jacq.,benar,analyzing,5,Jawaban sangat tepat! Elaeis guineensis adalah spesies utama kelapa sawit komersial.,bab 25
Sebutkan asal-usul kelapa sawit!,Berasal dari Afrika dan Amerika Selatan (Brasil).,Berasal dari Afrika saja.,salah,analyzing,2,Kelapa sawit berasal dari kedua benua tersebut. Pengetahuan asal-usul penting untuk pemuliaan.,bab 25
Apa famili tanaman kelapa sawit?,Arecaceae (dahulu Palmae).,Poaceae.,salah,analyzing,1,"Kelapa sawit termasuk famili Arecaceae, bukan rumput-rumputan.",bab 25
Sebutkan tujuan utama pemuliaan kelapa sawit!,"Meningkatkan produktivitas tandan, rendemen minyak (CPO), pertumbuhan lambat, tahan penyakit, dan mudah dipanen.",Hanya untuk memperbesar ukuran buah.,salah,analyzing,2,"Tujuan pemuliaan sangat luas, termasuk rendemen minyak dan ketahanan.",bab 25
"Apa arti genotipe Dura, Pisifera, dan Tenera?","Dura (cangkang tebal), Pisifera (cangkang tipis), Tenera (cangkang sedang, hasil persilangan D x P).",Semua sama saja.,salah,analyzing,1,Perbedaan ketebalan cangkang sangat penting dalam pemuliaan kelapa sawit.,bab 25
Apa metode pemuliaan utama yang digunakan pada kelapa sawit?,Recurrent Reciprocal Selection (RRS).,Seleksi massa sederhana.,salah,analyzing,2,RRS digunakan untuk meningkatkan daya gabung umum dan khusus.,bab 25
Apa keunggulan varietas Tenera?,Produktivitas tinggi karena cangkang sedang dan daging buah lebih tebal.,Cangkang sangat tebal.,salah,analyzing,1,Tenera memiliki daging buah lebih banyak sehingga rendemen minyak lebih tinggi.,bab 25
Berapa lama kelapa sawit mulai berbunga?,12–14 bulan setelah tanam.,24 bulan setelah tanam.,salah,analyzing,1,"Kelapa sawit mulai berbunga relatif cepat, sekitar 12–14 bulan.",bab 25
Apa yang dimaksud dengan sex-ratio pada kelapa sawit?,Perbandingan jumlah tandan bunga betina terhadap total tandan bunga.,Hanya jumlah bunga jantan.,salah,analyzing,2,Sex-ratio penting untuk estimasi produksi dan polinasi.,bab 25
Apa ciri tandan bunga betina kelapa sawit?,"Lebih pendek dan gemuk, terdiri dari 100–200 spikelet.",Panjang dan ramping.,salah,analyzing,1,Tandan betina lebih gemuk dan pendek dibandingkan jantan.,bab 25
Apa nama ilmiah kelapa sawit yang paling umum diusahakan?,Elaeis guineensis Jacq.,Elaeis oleifera.,salah,analyzing,2,"E. guineensis adalah spesies utama komersial, sedangkan E. oleifera berasal dari Amerika.",bab 25
Sebutkan asal-usul kelapa sawit!,Berasal dari Afrika dan Amerika Selatan (Brasil).,Berasal dari Asia Tenggara.,salah,analyzing,1,"Kelapa sawit bukan asli Asia, melainkan diintroduksi.",bab 25
Apa famili tanaman kelapa sawit?,Arecaceae (dahulu Palmae).,Fabaceae.,salah,analyzing,1,Famili yang benar adalah Arecaceae.,bab 25
Sebutkan tujuan utama pemuliaan kelapa sawit!,"Meningkatkan produktivitas tandan, rendemen minyak (CPO), pertumbuhan lambat, tahan penyakit, dan mudah dipanen.",Hanya untuk ketahanan kekeringan.,salah,analyzing,2,Tujuan pemuliaan mencakup banyak karakter agronomi.,bab 25
"Apa arti genotipe Dura, Pisifera, dan Tenera?","Dura (cangkang tebal), Pisifera (cangkang tipis), Tenera (cangkang sedang, hasil persilangan D x P).",Hanya ada Dura dan Tenera.,salah,analyzing,2,Pisifera juga penting sebagai tetua jantan.,bab 25
Apa metode pemuliaan utama yang digunakan pada kelapa sawit?,Recurrent Reciprocal Selection (RRS).,Hibridisasi sederhana saja.,salah,analyzing,2,RRS adalah metode utama untuk perbaikan daya gabung.,bab 25
Apa keunggulan varietas Tenera?,Produktivitas tinggi karena cangkang sedang dan daging buah lebih tebal.,Produktivitas rendah.,salah,analyzing,1,Tenera unggul karena rendemen minyak yang lebih tinggi.,bab 25
Berapa lama kelapa sawit mulai berbunga?,12–14 bulan setelah tanam.,Lebih dari 3 tahun.,salah,analyzing,1,Waktu berbunga kelapa sawit relatif cepat.,bab 25
Apa yang dimaksud dengan sex-ratio pada kelapa sawit?,Perbandingan jumlah tandan bunga betina terhadap total tandan bunga.,Tidak penting untuk produksi.,salah,analyzing,2,Sex-ratio sangat penting untuk prediksi hasil panen.,bab 25
Apa ciri tandan bunga betina kelapa sawit?,"Lebih pendek dan gemuk, terdiri dari 100–200 spikelet.",Panjang dan ramping seperti jantan.,salah,analyzing,1,Tandan betina gemuk dan pendek.,bab 25
Apa nama ilmiah tanaman karet?,Hevea brasiliensis Mull. Arg.,Hevea brasiliensis Mull. Arg.,benar,analyzing,5,Jawaban sangat tepat! Hevea brasiliensis adalah nama ilmiah tanaman karet.,bab 26
Dari mana asal-usul tanaman karet?,"Lembah Amazon, Brasil, Amerika Selatan.","Lembah Amazon, Brasil, Amerika Selatan.",benar,analyzing,5,Benar sekali. Karet bukan tanaman asli Indonesia.,bab 26
Kapan tanaman karet pertama kali didatangkan ke Indonesia?,Tahun 1886.,Tahun 1886.,benar,analyzing,5,Jawaban tepat. Karet masuk Indonesia pada akhir abad ke-19.,bab 26
Apa tipe penyerbukan tanaman karet?,Menyerbuk silang (outcrossing).,Menyerbuk silang (outcrossing).,benar,analyzing,4,Benar. Karena itu karet diperbanyak secara vegetatif.,bab 26
Apa metode utama perbanyakan tanaman karet unggul?,Okulasi (grafting).,Okulasi (grafting).,benar,analyzing,5,Okulasi adalah metode utama yang masih digunakan sampai sekarang.,bab 26
Apa tujuan utama pemuliaan karet?,"Meningkatkan produksi lateks, ketahanan terhadap penyakit, dan pertumbuhan yang baik.",Hanya untuk memperbesar ukuran daun.,salah,analyzing,2,Tujuan utama adalah produksi lateks dan ketahanan penyakit.,bab 26
Siapa yang melakukan ekspedisi ke Amerika Selatan untuk mengumpulkan biji karet?,Cramer.,Wicham.,salah,analyzing,2,Cramer yang melakukan perjalanan penting untuk pemuliaan karet di Indonesia.,bab 26
Apa arti klon GT 1 dalam perkebunan karet Indonesia?,"Salah satu klon unggul yang paling banyak ditanam (56,6%).",Klon yang sudah tidak digunakan lagi.,salah,analyzing,1,GT 1 adalah klon dominan di Indonesia.,bab 26
Mengapa perbanyakan karet dilakukan secara vegetatif?,Untuk mempertahankan sifat unggul klon.,Untuk mendapatkan variasi genetik yang lebih tinggi.,salah,analyzing,2,Perbanyakan vegetatif mempertahankan sifat unggul karena karet menyerbuk silang.,bab 26
Apa risiko penanaman monokultur karet dengan klon terbatas?,Rentan terhadap serangan penyakit dan hama.,Sangat aman dari serangan penyakit.,salah,analyzing,1,Monokultur dengan klon seragam sangat rawan terhadap penyakit.,bab 26
Apa nama ilmiah tanaman karet?,Hevea brasiliensis Mull. Arg.,Hevea guianensis.,salah,analyzing,2,Hevea brasiliensis adalah spesies utama yang diusahakan.,bab 26
Dari mana asal-usul tanaman karet?,"Lembah Amazon, Brasil, Amerika Selatan.",Asia Tenggara.,salah,analyzing,1,"Karet berasal dari Amerika Selatan, bukan Asia.",bab 26
Kapan tanaman karet pertama kali didatangkan ke Indonesia?,Tahun 1886.,Tahun 1914.,salah,analyzing,2,Tahun 1886 adalah kedatangan pertama ke Indonesia.,bab 26
Apa tipe penyerbukan tanaman karet?,Menyerbuk silang (outcrossing).,Menyerbuk sendiri.,salah,analyzing,1,Karet adalah tanaman menyerbuk silang.,bab 26
Apa metode utama perbanyakan tanaman karet unggul?,Okulasi (grafting).,Perbanyakan melalui biji.,salah,analyzing,2,Okulasi adalah metode standar untuk klon unggul.,bab 26
Apa tujuan utama pemuliaan karet?,"Meningkatkan produksi lateks, ketahanan terhadap penyakit, dan pertumbuhan yang baik.",Hanya untuk estetika tanaman.,salah,analyzing,1,Fokus utama adalah produktivitas lateks.,bab 26
Apa arti klon GT 1 dalam perkebunan karet Indonesia?,"Salah satu klon unggul yang paling banyak ditanam (56,6%).",Klon yang paling rendah produksinya.,salah,analyzing,1,GT 1 adalah klon unggul dominan.,bab 26
Mengapa perbanyakan karet dilakukan secara vegetatif?,Untuk mempertahankan sifat unggul klon.,Untuk mengurangi biaya produksi saja.,salah,analyzing,2,Tujuan utama adalah mempertahankan sifat genetik unggul.,bab 26
Apa risiko penanaman monokultur karet dengan klon terbatas?,Rentan terhadap serangan penyakit dan hama.,Tidak ada risiko sama sekali.,salah,analyzing,1,Uniformitas genetik menyebabkan kerentanan tinggi.,bab 26
Apa konferensi yang menjadi titik tolak pemuliaan karet di Indonesia?,Rubber Conference di Batavia tahun 1914.,Konferensi di Brazil tahun 1880.,salah,analyzing,2,Konferensi 1914 di Batavia adalah titik awal penting.,bab 26
Jelaskan perbedaan utama antara perkembangbiakan aseksual dan seksual pada tanaman!,"Aseksual (vegetatif): tanpa penyatuan gamet, keturunan seragam genotipe. Seksual: melalui biji dari penyatuan gamet jantan dan betina, menghasilkan variasi genetik.","Keduanya sama saja, hanya cara membiakkan tanaman.",salah,analyzing,1,Jawaban Anda kurang tepat. Perbedaan mendasar adalah pada penyatuan gamet dan tingkat variasi genetik yang dihasilkan. Ini penting untuk memilih metode pemuliaan.,bab 3
Apa itu tanaman membiak vegetatif obligat? Berikan contoh!,"Tanaman yang hanya dapat memperbanyak diri secara aseksual karena organ seksual tidak berfungsi atau tidak lengkap, contoh: pisang (triploid), manggis.",Tanaman yang selalu menggunakan biji.,salah,analyzing,2,Anda keliru. Obligat berarti tidak bisa seksual; contoh pisang karena triploid tidak menghasilkan polen yang viable.,bab 3
Sebutkan dan jelaskan tiga contoh perbanyakan vegetatif buatan!,"Cangkok, okulasi (grafting), setek, sambung. Ini dilakukan manusia untuk memperbanyak tanaman unggul secara cepat dan seragam.",Hanya dengan biji saja.,salah,analyzing,1,Perbanyakan vegetatif buatan penting untuk klon unggul. Pelajari teknik seperti setek dan okulasi.,bab 3
Mengapa perbanyakan vegetatif menghasilkan populasi seragam?,"Karena keturunan memiliki genotipe identik dengan induk (klon), kecuali mutasi.",Karena biji yang dihasilkan seragam.,salah,analyzing,2,"Benar untuk klon, tapi perbanyakan vegetatif tidak melibatkan biji. Ini keunggulan utama untuk varietas hibrida atau unggul.",bab 3
Apa itu tanaman menyerbuk sendiri? Berikan contoh!,"Penyerbukan >95% dari tanaman yang sama, contoh: padi, kedelai, tomat, cabai.",Tanaman yang selalu diserbuki serangga.,salah,analyzing,2,Penyerbukan sendiri mempertahankan homozigositas. Contoh klasik termasuk padi dan kedelai.,bab 3
Apa ciri-ciri bunga tanaman menyerbuk silang?,"Struktur bunga yang mencegah self-pollination (misalnya monocious/dioecious, self-incompatibility, waktu masak berbeda), contoh: jagung.",Bunga kecil dan tidak menarik.,salah,analyzing,1,Ciri utama adalah mekanisme yang mendorong outcrossing untuk variasi genetik.,bab 3
Jelaskan perbedaan monocious dan dioecious!,Monocious: bunga jantan dan betina pada satu tanaman (contoh jagung). Dioecious: pada tanaman berbeda (contoh salak).,"Keduanya sama, bunga hermafrodit.",salah,analyzing,2,Pembedaan ini penting untuk pemahaman pola penyerbukan silang.,bab 3
Apa tujuan pemuliaan pada tanaman menyerbuk sendiri?,Memperoleh galur murni (homozygous) yang unggul melalui seleksi.,Menciptakan variasi sebanyak mungkin.,salah,analyzing,2,Tujuan utama adalah galur murni stabil.,bab 3
Berikan contoh tanaman menyerbuk silang dan jelaskan alasannya!,"Jagung (monocious, bunga jantan dan betina terpisah), semangka, mentimun – mendorong penyerbukan silang.",Padi adalah menyerbuk silang.,salah,analyzing,1,Padi termasuk menyerbuk sendiri. Jagung adalah contoh klasik menyerbuk silang.,bab 3
Apa yang dimaksud dengan bunga lengkap dan bunga sempurna?,"Bunga lengkap: memiliki keempat bagian (kelopak, mahkota, benang sari, putik). Bunga sempurna: memiliki putik dan benang sari (hermaphrodite).",Semua bunga sama saja.,salah,analyzing,2,Pembedaan ini krusial untuk teknik emaskulasi dalam persilangan.,bab 3
Jelaskan mengapa pengetahuan biologi bunga penting bagi pemulia!,"Untuk merencanakan persilangan buatan, emaskulasi, waktu penyerbukan, dan memahami mekanisme ketakserasian.","Tidak penting, cukup tanam saja.",salah,evaluating,1,Biologi bunga menentukan keberhasilan hibridisasi.,bab 3
Apa itu apomiksis? Berikan contoh!,"Perkembangbiakan aseksual melalui biji tanpa fertilisasi, contoh: manggis.",Penyerbukan silang biasa.,salah,analyzing,2,Apomiksis menghasilkan keturunan identik dengan induk.,bab 3
Diskusikan keuntungan perbanyakan vegetatif fakultatif!,"Mudah, seragam, cepat, mempertahankan sifat unggul; contoh nanas dengan slip/sucker.",Tidak ada keuntungan.,salah,creating,2,Keuntungan utama adalah klonal fidelity.,bab 3
Apa dampak penyerbukan sendiri berulang terhadap genotipe?,"Meningkatkan homozigositas, mengurangi heterozigositas.",Membuat tanaman lebih kuat.,salah,analyzing,2,Ini dasar pembentukan galur murni.,bab 3
Sebutkan contoh mekanisme pencegah penyerbukan sendiri!,"Self-incompatibility (ubi jalar), protandry/protogyny, struktur bunga (jagung).",Tidak ada mekanisme.,salah,analyzing,1,Mekanisme ini memastikan outcrossing pada tanaman menyerbuk silang.,bab 3
Apa perbedaan andromonoecious dan gynomonoecious?,Andromonoecious: bunga jantan + hermafrodit pada satu tanaman. Gynomonoecious: bunga betina + hermafrodit.,Keduanya dioecious.,salah,analyzing,2,Istilah ini menggambarkan distribusi tipe bunga.,bab 3
Mengapa tanaman menyerbuk silang cenderung memiliki variasi genetik tinggi?,Karena outcrossing meningkatkan rekombinasi genetik.,Karena penyerbukan sendiri.,salah,analyzing,2,Outcrossing mencegah inbreeding depression.,bab 3
Jelaskan contoh tanaman dengan bunga tidak sempurna!,"Jagung (bunga jantan dan betina terpisah), salak (dioecious).",Semua bunga sempurna.,salah,analyzing,1,Bunga tidak sempurna mempengaruhi strategi pemuliaan.,bab 3
Apa peran kultur jaringan dalam perkembangbiakan aseksual?,"Perbanyakan cepat, bebas penyakit, klonal massal.",Hanya untuk biji.,salah,creating,2,Teknik modern untuk tanaman sulit diperbanyak secara konvensional.,bab 3
Diskusikan mengapa pemulia harus memahami tipe seks tanaman sebelum persilangan!,"Untuk menentukan teknik emaskulasi, waktu isolasi, dan menghindari selfing.","Tidak perlu, asal disilangkan saja.",salah,evaluating,1,Pemahaman ini mencegah kegagalan persilangan.,bab 3
Jelaskan apa itu ketakserasian sendiri (self-incompatibility) dan mengapa penting dalam pemuliaan!,Ketakserasian sendiri adalah mekanisme genetik yang mencegah penyerbukan sendiri sehingga mendorong outcrossing dan menjaga keragaman genetik. Penting untuk produksi hibrida.,Ketakserasian sendiri adalah ketika tanaman tidak bisa diserbuki sama sekali.,salah,analyzing,1,Jawaban Anda kurang tepat. Ketakserasian sendiri mencegah self-pollination tapi masih memungkinkan penyerbukan silang. Ini sangat berguna untuk pemuliaan hibrida.,bab 4
Apa perbedaan antara gametophytic dan sporophytic self-incompatibility?,Gametophytic: ditentukan oleh genotipe gamet (pollen). Sporophytic: ditentukan oleh genotipe tanaman induk (sporophyte).,"Keduanya sama, hanya nama yang berbeda.",salah,analyzing,2,Perbedaan penting terletak pada tingkat ekspresi gen. Pelajari lagi untuk memahami mekanisme ketakserasian.,bab 4
Sebutkan manfaat mandul jantan (male sterility) dalam pemuliaan tanaman!,"Memudahkan produksi benih hibrida tanpa emaskulasi manual, menghemat biaya dan waktu.",Mandul jantan tidak berguna dalam pemuliaan.,salah,analyzing,1,"Mandul jantan justru sangat berguna untuk produksi hibrida skala besar, terutama pada tanaman menyerbuk sendiri.",bab 4
Apa itu Cytoplasmic Male Sterility (CMS)?,"Sterilitas jantan yang dikendalikan oleh gen sitoplasma (mitokondria), diturunkan melalui sel telur.",CMS dikendalikan oleh gen inti saja.,salah,analyzing,2,CMS bersifat maternal inheritance. Ini dasar sistem hibrida pada padi dan jagung.,bab 4
Jelaskan bagaimana mandul jantan digunakan untuk produksi hibrida!,Dengan menggunakan tetua betina mandul jantan (A line) yang disilangkan dengan tetua fertil (R line) untuk menghasilkan benih hibrida.,Hanya dengan penyerbukan biasa tanpa mandul jantan.,salah,creating,2,"Penggunaan CMS line (A), maintainer (B), dan restorer (R) adalah teknik standar.",bab 4
Apa keuntungan menggunakan self-incompatibility dalam pemuliaan?,Mencegah inbreeding dan memudahkan produksi hibrida alami.,Tidak ada keuntungan.,salah,evaluating,1,Self-incompatibility mendorong heterosis dan variasi genetik.,bab 4
Berikan contoh tanaman yang memanfaatkan CMS!,"Padi hibrida di Cina, jagung, bawang, dan beberapa sayuran.",Padi biasa tidak menggunakan CMS.,benar,analyzing,4,Bagus! Cina memang pelopor penggunaan CMS pada padi hibrida. Pengetahuan ini sangat relevan.,bab 4
Apa perbedaan male sterility genetik dan sitoplasma?,Genetik: dikendalikan gen inti. Sitoplasma (CMS): dikendalikan gen mitokondria dan bersifat maternal.,Keduanya sama.,salah,analyzing,2,Perbedaan inheritance pattern-nya sangat penting untuk pemuliaan.,bab 4
Diskusikan mengapa ketakserasian sporophytic lebih sulit dimanipulasi.,"Karena fenotipe ditentukan oleh genotipe induk, bukan pollen itu sendiri.",Sangat mudah dimanipulasi.,salah,evaluating,2,Sporophytic lebih kompleks karena interaksi gen induk.,bab 4
Jelaskan peran restorer gene (Rf) dalam sistem CMS!,Gen inti yang memulihkan fertilitas pada tanaman dengan sitoplasma mandul.,Tidak ada peran.,salah,analyzing,1,Restorer gene penting untuk menghasilkan hibrida fertil yang bisa ditanam petani.,bab 4
Apa itu genic male sterility (GMS)?,Sterilitas jantan yang dikendalikan oleh gen inti (nuklear).,GMS sama dengan CMS.,salah,analyzing,2,"GMS bersifat Mendelian, berbeda dengan CMS yang sitoplasma.",bab 4
Bagaimana cara mempertahankan line mandul jantan?,Menggunakan maintainer line (B line) yang fertil untuk memperbanyak A line.,Tidak perlu dipertahankan.,salah,creating,2,Maintainer line identik secara nuklear tapi fertile.,bab 4
Apakah ketakserasian sendiri bersifat stabil? Jelaskan!,"Ya, bersifat stabil dan diatur oleh alel S yang kompleks.",Tidak stabil.,benar,analyzing,4,Benar sekali. Sistem S-allele menjaga ketakserasian secara konsisten.,bab 4
Sebutkan kerugian penggunaan CMS!,"Ketergantungan pada sumber CMS spesifik, kemungkinan breakdown, dan keragaman sitoplasma sempit.",Tidak ada kerugian.,benar,evaluating,5,Bagus! Keragaman sitoplasma yang sempit bisa menjadi risiko penyakit.,bab 4
Apa hubungan antara ketakserasian dan heterosis?,Ketakserasian memfasilitasi penyerbukan silang sehingga meningkatkan heterosis.,Tidak ada hubungan.,benar,analyzing,4,Sangat baik. Ini salah satu cara memanfaatkan heterosis secara alami.,bab 4
Jelaskan mekanisme sporophytic self-incompatibility!,Reaksi penolakan terjadi di stigma atau style berdasarkan genotipe diploid induk.,Terjadi di dalam pollen.,salah,analyzing,2,"Pada sporophytic, penolakan ditentukan oleh sporophyte (induk).",bab 4
Apakah male sterility bisa digunakan pada tanaman menyerbuk sendiri?,"Ya, sangat berguna untuk produksi hibrida pada tanaman seperti padi dan tomat.",Tidak bisa.,benar,analyzing,5,Tepat! Ini revolusi pada tanaman self-pollinated.,bab 4
Apa yang dimaksud dengan maintainer line?,Tanaman fertil yang secara nuklear identik dengan CMS line untuk memperbanyak A line.,Line yang mandul.,salah,analyzing,1,Maintainer (B line) penting untuk propagasi CMS line.,bab 4
Diskusikan potensi penggunaan genic male sterility!,Lebih mudah ditransfer tapi sulit dipertahankan karena segregasi.,Tidak potensial.,benar,creating,4,Analisis bagus. GMS memerlukan strategi khusus karena segregasi.,bab 4
Mengapa pemahaman ketakserasian dan male sterility penting bagi pemulia?,Untuk merancang sistem produksi benih hibrida yang efisien dan ekonomis.,Tidak penting.,benar,evaluating,5,Sangat benar. Ini merupakan dasar teknologi hibrida modern.,bab 4
Jelaskan perbedaan utama antara karakter kualitatif dan karakter kuantitatif!,"Karakter kualitatif dikendalikan oleh satu atau sedikit gen, bersifat diskrit (ada/tidak), sedikit dipengaruhi lingkungan. Karakter kuantitatif dikendalikan banyak gen, bersifat kontinu, sangat dipengaruhi lingkungan.","Keduanya sama saja, hanya beda nama.",salah,analyzing,1,Jawaban Anda kurang tepat. Perbedaan mendasar terletak pada jumlah gen pengendali dan sebaran fenotipe. Ini penting untuk memilih metode seleksi.,bab 5
Apa yang dimaksud dengan karakter kualitatif? Berikan contoh!,"Karakter yang dikendalikan oleh satu atau dua gen, mudah diamati, dan sedikit dipengaruhi lingkungan, contoh: warna bunga, bentuk biji.",Karakter yang sulit diamati.,salah,analyzing,2,Karakter kualitatif justru mudah diamati dan diskrit. Contoh klasik adalah warna bunga pada kacang kapri.,bab 5
Sebutkan tujuh pasang karakter yang digunakan Mendel pada kacang kapri!,"Bentuk biji (bundar/keriput), warna albumen (kuning/hijau), warna bunga (merah/putih), warna polong, bentuk polong, posisi bunga, tinggi tanaman.",Hanya warna bunga dan tinggi tanaman.,salah,analyzing,1,Mendel menggunakan 7 pasang karakter yang jelas bedanya. Ini dasar Hukum Mendel.,bab 5
Apa yang dimaksud dengan Hukum Segregasi Mendel?,"Setiap individu memiliki sepasang alel untuk suatu sifat, alel tersebut berpisah saat pembentukan gamet sehingga setiap gamet hanya membawa satu alel.",Alel tidak pernah berpisah.,salah,analyzing,2,Hukum Segregasi menjelaskan pemisahan alel pada meiosis.,bab 5
Apa hasil persilangan monohibrid F2 menurut Mendel?,Rasio fenotipe 3:1 (dominan:resesif).,Rasio 1:1.,salah,analyzing,2,"Pada monohibrid, F2 menunjukkan rasio 3:1.",bab 5
Jelaskan Hukum Perpaduan Bebas (Independent Assortment)!,Gen-gen yang mengendalikan sifat berbeda berpisah secara independen saat pembentukan gamet.,Gen selalu menyatu.,salah,analyzing,2,"Hukum ini berlaku untuk dihibrid, menghasilkan rasio 9:3:3:1.",bab 5
Apa fungsi uji khi-kuadrat (χ²) dalam genetika Mendel?,Untuk menguji kesesuaian antara rasio yang diamati dengan rasio yang diharapkan.,Tidak ada fungsi.,salah,evaluating,1,Uji χ² digunakan untuk menganalisis data segregasi Mendel.,bab 5
Mengapa Mendel memilih kacang kapri sebagai bahan percobaan?,"Mudah ditanam, menyerbuk sendiri, bunga besar, karakter mudah dibedakan, dan siklus hidup pendek.",Sulit ditanam.,salah,analyzing,2,Pilihan ini memungkinkan Mendel mendapatkan data yang akurat.,bab 5
Apa arti genotipe homozigot?,Memiliki dua alel yang sama untuk suatu sifat (misalnya AA atau aa).,Memiliki alel yang berbeda.,salah,analyzing,1,Homozigot menghasilkan gamet seragam.,bab 5
Apa yang terjadi pada persilangan dihibrid F2?,Rasio fenotipe 9:3:3:1.,Rasio 3:1.,salah,analyzing,2,Rasio 9:3:3:1 menunjukkan Hukum Perpaduan Bebas.,bab 5
Berikan contoh karakter kualitatif pada tanaman!,"Warna biji, warna bunga, bentuk polong.",Tinggi tanaman.,benar,analyzing,4,Benar. Tinggi tanaman biasanya bersifat kuantitatif.,bab 5
Apa perbedaan dominan dan resesif?,"Dominan menyatakan diri pada heterozigot, resesif hanya muncul pada homozigot.",Keduanya sama.,salah,analyzing,2,Konsep ini mendasari rasio Mendel.,bab 5
Jelaskan mengapa Mendel berhasil menemukan hukum pewarisan!,"Karena menggunakan metode ilmiah, data kuantitatif, dan memilih karakter yang jelas.",Karena keberuntungan saja.,salah,evaluating,2,Keberhasilan Mendel karena pendekatan sistematis.,bab 5
Apa yang dimaksud dengan genotipe?,Susunan gen yang dimiliki individu.,Hanya penampilan luar.,salah,analyzing,1,"Genotipe adalah faktor genetik, fenotipe adalah penampilan.",bab 5
Apakah karakter kualitatif dipengaruhi lingkungan?,Sangat sedikit atau tidak dipengaruhi.,Sangat besar pengaruh lingkungan.,benar,analyzing,4,Benar. Itulah mengapa mudah diamati.,bab 5
Apa rasio genotipe pada F2 monohibrid?,1:2:1 (AA:Aa:aa).,3:1.,benar,analyzing,5,"Sangat baik. Rasio genotipe 1:2:1, fenotipe 3:1.",bab 5
Mengapa pengetahuan Hukum Mendel penting bagi pemulia?,Untuk memprediksi segregasi keturunan dan merancang program seleksi.,Tidak penting.,benar,evaluating,5,Dasar genetika untuk pemuliaan.,bab 5
Apa itu alel?,Bentuk alternatif dari suatu gen yang berada di lokus yang sama.,Gen yang berbeda.,salah,analyzing,1,Alel adalah varian gen.,bab 5
Apakah Hukum Mendel berlaku pada semua tanaman?,Berlaku pada pewarisan sifat yang dikendalikan gen tunggal.,Tidak berlaku sama sekali.,benar,evaluating,4,Berlaku terutama pada karakter kualitatif.,bab 5
Apa yang dimaksud dengan fenotipe?,Penampilan fisik yang dapat diamati akibat interaksi genotipe dan lingkungan.,Hanya genotipe.,salah,analyzing,2,Fenotipe adalah ekspresi genotipe.,bab 5
Jelaskan perbedaan utama karakter kuantitatif dengan karakter kualitatif!,"Karakter kuantitatif dikendalikan banyak gen (polygenic), menunjukkan variasi kontinu, dan sangat dipengaruhi lingkungan. Karakter kualitatif dikendalikan sedikit gen dan bersifat diskrit.","Keduanya sama, hanya beda cara pengukuran.",salah,analyzing,1,"Jawaban Anda kurang tepat. Karakter kuantitatif seperti hasil panen dan tinggi tanaman sangat dipengaruhi lingkungan, berbeda dengan karakter kualitatif.",bab 6
Apa yang dimaksud dengan rumus P = G + E?,Fenotipe (P) adalah hasil interaksi antara genotipe (G) dan lingkungan (E).,P = G × E.,salah,analyzing,2,Rumus dasar ini menjelaskan bahwa penampilan tanaman dipengaruhi gen dan lingkungan.,bab 6
Apa komponen utama ragam fenotipe (σ²P)?,σ²P = σ²G + σ²E + σ²G×E.,Hanya ragam genetik saja.,salah,analyzing,2,"Ragam fenotipe terdiri dari ragam genetik, lingkungan, dan interaksinya.",bab 6
Apa itu heritabilitas dalam arti luas (broad sense heritability)?,h²BS = σ²G / σ²P (ragam genetik total terhadap ragam fenotipe).,h²BS = σ²E / σ²P.,salah,analyzing,2,Heritabilitas luas mencakup semua ragam genetik (aditif + dominan + epistasis).,bab 6
Apa itu heritabilitas dalam arti sempit (narrow sense heritability)?,h²NS = σ²A / σ²P (ragam genetik aditif terhadap ragam fenotipe).,h²NS = σ²G / σ²P.,salah,analyzing,2,Heritabilitas sempit hanya menggunakan ragam aditif karena dapat diwariskan secara stabil.,bab 6
Mengapa heritabilitas sempit lebih penting dalam pemuliaan?,Karena ragam aditif dapat diwariskan ke keturunan dan menjadi dasar kemajuan seleksi.,Tidak penting.,benar,evaluating,5,Sangat baik! Heritabilitas sempit menentukan respons terhadap seleksi.,bab 6
Apa yang dimaksud dengan ragam genetik aditif (σ²A)?,Efek rata-rata alel yang dapat diwariskan dari tetua ke keturunan.,Ragam dominan.,salah,analyzing,2,Ragam aditif adalah komponen utama kemajuan seleksi.,bab 6
Bagaimana cara menduga heritabilitas?,"Dari analisis ragam (variance component), regresi antar keluarga, atau korelasi.",Hanya dengan melihat fenotipe saja.,salah,creating,2,Metode yang umum adalah analisis ragam dan regresi.,bab 6
Apa kriteria nilai heritabilitas yang dianggap tinggi?,Lebih dari 50% (tergantung populasi dan metode).,Kurang dari 20%.,benar,analyzing,4,Benar. Nilai >50% menunjukkan karakter sangat dikendalikan genetik.,bab 6
Berikan contoh karakter kuantitatif pada tanaman!,"Hasil panen, tinggi tanaman, kadar protein, berat biji.",Warna bunga.,benar,analyzing,5,Tepat! Karakter kuantitatif biasanya bersifat kontinu seperti produksi.,bab 6
Apa hubungan antara heritabilitas dengan kemajuan seleksi?,"Semakin tinggi heritabilitas, semakin besar kemajuan seleksi yang diharapkan.",Tidak ada hubungan.,benar,evaluating,5,Sangat benar. Kemajuan seleksi = h² × diferensial seleksi.,bab 6
Mengapa karakter kuantitatif sulit diseleksi?,Karena sangat dipengaruhi lingkungan dan dikendalikan banyak gen.,Mudah diseleksi.,salah,analyzing,2,Pengaruh lingkungan yang besar menyulitkan seleksi.,bab 6
Apa yang dimaksud dengan genetic advance?,Perbaikan genetik yang diharapkan setelah satu siklus seleksi.,Tidak ada perbaikan.,salah,analyzing,2,Genetic advance tergantung heritabilitas dan intensitas seleksi.,bab 6
Apakah heritabilitas tetap sama di semua lingkungan?,"Tidak, heritabilitas dapat berubah tergantung populasi dan lingkungan.",Selalu sama.,benar,evaluating,4,Benar. Heritabilitas bersifat populasi-spesifik.,bab 6
Apa perbedaan ragam genetik dominan dengan ragam aditif?,"Ragam dominan menyebabkan heterosis dan tidak sepenuhnya diwariskan, sedangkan aditif dapat diwariskan.",Keduanya sama.,salah,analyzing,2,Ragam dominan penting untuk heterosis.,bab 6
Bagaimana cara menghitung ragam sederhana?,σ² = [(Σx²) - (Σx)²/n] / (n-1).,Hanya jumlah data saja.,salah,creating,2,Rumus ragam ini dasar untuk analisis heritabilitas.,bab 6
Apakah nilai heritabilitas 0 berarti tidak ada pengaruh genetik?,"Ya, berarti variasi sepenuhnya disebabkan lingkungan.",Tidak.,benar,analyzing,4,Benar. h² = 0 berarti tidak ada variasi genetik.,bab 6
Apa kegunaan heritabilitas dalam program pemuliaan?,Untuk memprediksi respons seleksi dan merancang strategi pemuliaan.,Tidak ada kegunaan.,benar,evaluating,5,Heritabilitas membantu memilih karakter yang efektif diseleksi.,bab 6
Mengapa karakter kuantitatif penting dalam pemuliaan tanaman?,"Karena sebagian besar karakter ekonomi (produksi, kualitas) bersifat kuantitatif.",Tidak penting.,benar,analyzing,5,Sangat benar. Pemuliaan modern fokus pada karakter kuantitatif.,bab 6
Apa yang dimaksud dengan interaksi genetik × lingkungan (G×E)?,Interaksi antara genotipe dengan lingkungan yang mempengaruhi penampilan fenotipe.,Tidak ada interaksi.,salah,analyzing,2,G×E menyebabkan variasi performa tanaman di lokasi berbeda.,bab 6
Jelaskan apa itu ideotipe dalam pemuliaan tanaman!,"Ideotipe adalah tanaman ideal dengan kumpulan karakter yang mendukung produktivitas tinggi, efisiensi fotosintesis, pertumbuhan, dan adaptasi terhadap lingkungan target.",Ideotipe adalah varietas yang sudah ada di lapangan.,salah,analyzing,1,Jawaban Anda kurang tepat. Ideotipe adalah model/desain tanaman ideal yang menjadi target pemulia sebelum melakukan persilangan.,bab 7
Apa tujuan utama pengembangan ideotipe?,Memberikan arah yang jelas bagi program pemuliaan dalam merakit varietas unggul sesuai kebutuhan masa depan.,Tidak ada tujuan khusus.,salah,analyzing,2,Ideotipe membantu pemulia fokus pada karakter yang diinginkan.,bab 7
Siapa yang pertama kali memperkenalkan konsep ideotipe?,Donald (1968).,Mendel.,salah,analyzing,2,Konsep ideotipe diperkenalkan oleh Donald pada tahun 1968.,bab 7
Mengapa pemilihan tetua sangat penting dalam program pemuliaan?,Karena sukses program pemuliaan sangat ditentukan oleh kualitas tetua yang dipilih.,Tidak terlalu penting.,benar,evaluating,5,Sangat benar. Pemilihan tetua adalah langkah awal yang menentukan keberhasilan.,bab 7
Apa yang dimaksud dengan pemilihan tetua berdasarkan konsep karakter?,Memilih tetua yang memiliki karakter spesifik yang diinginkan dalam ideotipe.,Memilih tetua secara acak.,salah,analyzing,2,Pemilihan berdasarkan karakter yang mendukung ideotipe target.,bab 7
Apa kesulitan utama dalam pemilihan tetua untuk karakter kuantitatif?,Karena karakter kuantitatif sangat dipengaruhi lingkungan sehingga fenotipe belum tentu mencerminkan genotipe.,Mudah dilakukan.,benar,analyzing,4,Benar. Karakter kuantitatif lebih sulit dibandingkan kualitatif.,bab 7
Apa yang harus diperhatikan dalam pemilihan tetua elit?,Keragaman genetik latar belakang yang luas agar peluang rekombinasi tinggi.,Hanya satu tetua saja.,salah,creating,2,Keragaman genetik antar tetua penting untuk mendapatkan variasi yang baik.,bab 7
Berikan contoh ideotipe pada padi!,"Padi tipe baru (PTB) dengan daun tegak, tinggi sedang, banyak anakan, dan daya hasil tinggi.",Padi dengan daun lebar dan tinggi sekali.,benar,analyzing,5,Tepat. Ideotipe padi tipe baru diformulasikan untuk meningkatkan produktivitas.,bab 7
Mengapa ideotipe harus disesuaikan dengan lingkungan target?,Karena tanaman harus adaptif terhadap kondisi biotik dan abiotik setempat.,Tidak perlu disesuaikan.,benar,evaluating,5,Ideotipe bersifat spesifik lokasi dan kebutuhan.,bab 7
Apa hubungan antara ideotipe dan pemilihan tetua?,Ideotipe menjadi acuan utama dalam memilih tetua yang memiliki karakter sesuai target.,Tidak ada hubungan.,benar,evaluating,5,Ideotipe adalah dasar pemilihan tetua.,bab 7
Apakah ideotipe bersifat statis atau dinamis?,"Dinamis, dapat berubah sesuai perkembangan kebutuhan dan tantangan baru.",Statis.,benar,analyzing,4,Ideotipe harus selalu disesuaikan dengan tantangan masa depan.,bab 7
Apa yang dimaksud dengan pemilihan tetua berdasarkan pedigree?,Memilih tetua berdasarkan silsilah dan rekam jejak performanya.,Memilih tanpa melihat silsilah.,salah,analyzing,2,Pedigree membantu memprediksi potensi keturunan.,bab 7
Berikan alasan mengapa pemulia harus memilih tetua dengan keragaman genetik luas.,Agar peluang munculnya rekombinan unggul lebih besar.,Keragaman genetik tidak penting.,benar,creating,4,Keragaman luas meningkatkan peluang keberhasilan persilangan.,bab 7
Apa tantangan dalam mewujudkan ideotipe?,Sulit menggabungkan semua karakter ideal dalam satu genotipe karena adanya korelasi negatif antar karakter.,Mudah dilakukan.,salah,evaluating,2,Sering ada trade-off antar karakter yang diinginkan.,bab 7
Mengapa ideotipe padi tipe baru (PTB) dikembangkan?,Untuk meningkatkan potensi hasil melalui arsitektur tanaman yang lebih efisien.,Tidak ada alasan khusus.,benar,analyzing,5,PTB dirancang untuk mengatasi batas hasil padi konvensional.,bab 7
Apa yang harus dilakukan setelah menyusun ideotipe?,Melakukan pemilihan tetua yang memiliki karakter sesuai ideotipe.,Langsung menanam saja.,salah,creating,2,Langkah selanjutnya adalah pemilihan tetua.,bab 7
Apakah pemilihan tetua untuk karakter kualitatif lebih mudah?,"Ya, karena perbedaan fenotipe mudah diamati dan dikendalikan sedikit gen.",Sulit.,benar,analyzing,4,Benar. Karakter kualitatif lebih mudah diseleksi.,bab 7
Diskusikan pentingnya ideotipe dalam program pemuliaan jangka panjang.,Ideotipe memberikan arah jelas dan memungkinkan pemulia merancang varietas sesuai tantangan masa depan.,Tidak penting.,benar,evaluating,5,Ideotipe adalah fondasi strategi pemuliaan.,bab 7
Apa yang dimaksud dengan tetua yang komplementer?,Tetua yang saling melengkapi kekurangan masing-masing sehingga rekombinannya unggul.,Tetua yang sama persis.,salah,analyzing,2,Pemilihan tetua komplementer sangat dianjurkan.,bab 7
Mengapa pemilihan tetua harus mempertimbangkan adaptasi?,Agar varietas hasil persilangan dapat beradaptasi dengan baik di lingkungan target.,Adaptasi tidak perlu dipertimbangkan.,benar,analyzing,5,Adaptasi adalah salah satu tujuan utama pemuliaan.,bab 7
Jelaskan apa itu persilangan buatan dalam pemuliaan tanaman!,Persilangan buatan adalah penyerbukan silang yang dilakukan secara sengaja oleh pemulia antara dua tetua yang berbeda genetiknya untuk menghasilkan variasi genetik baru.,Persilangan buatan adalah penyerbukan alami oleh angin.,salah,analyzing,1,Jawaban Anda kurang tepat. Persilangan buatan adalah teknik yang dilakukan manusia untuk menggabungkan sifat unggul dari dua tetua.,bab 8
Apa tujuan utama persilangan buatan?,Menciptakan variasi genetik baru dengan menggabungkan karakter unggul dari dua atau lebih tetua.,Tidak ada tujuan khusus.,salah,analyzing,2,Tujuan utama adalah merakit genotipe baru yang lebih baik daripada tetuanya.,bab 8
Mengapa emaskulasi dilakukan sebelum persilangan?,Untuk mencegah penyerbukan sendiri pada bunga betina sehingga hanya menerima polen dari tetua jantan yang diinginkan.,Untuk membuat bunga lebih indah.,salah,analyzing,2,Emaskulasi adalah penghilangan benang sari pada bunga betina.,bab 8
Apa yang dimaksud dengan isolasi bunga dalam persilangan buatan?,Menutup bunga dengan kantong kertas atau kain untuk mencegah kontaminasi polen dari luar.,Membiarkan bunga terbuka.,salah,analyzing,1,Isolasi penting untuk menjaga kemurnian persilangan.,bab 8
Sebutkan urutan langkah persilangan buatan yang benar!,Emaskulasi → Isolasi → Penyerbukan → Isolasi kembali → Pencatatan.,Penyerbukan dulu baru emaskulasi.,salah,creating,2,Urutan yang benar dimulai dengan emaskulasi pada bunga betina.,bab 8
Apa yang dimaksud dengan tetua betina dan tetua jantan dalam persilangan?,Tetua betina adalah tanaman yang bunganya diemaskulasi dan menerima polen. Tetua jantan adalah sumber polen.,Keduanya sama saja.,salah,analyzing,2,Penentuan tetua betina dan jantan penting untuk arah persilangan.,bab 8
Mengapa pencatatan silangan sangat penting?,Untuk mengetahui silsilah (pedigree) keturunan dan memudahkan analisis segregasi.,Tidak perlu dicatat.,benar,evaluating,5,Pencatatan silangan adalah dasar program pemuliaan.,bab 8
Apa keuntungan persilangan antar varietas?,Menggabungkan karakter unggul dari berbagai sumber plasma nutfah.,Tidak ada keuntungan.,benar,analyzing,4,Persilangan antar varietas adalah metode paling umum.,bab 8
Apa yang dimaksud dengan backcross?,Persilangan balik antara keturunan hibrida dengan salah satu tetua induknya untuk memindahkan satu atau beberapa gen.,Persilangan antar keturunan.,salah,analyzing,2,Backcross digunakan untuk mentransfer gen spesifik seperti ketahanan penyakit.,bab 8
Berikan contoh tanaman yang memerlukan emaskulasi hati-hati!,"Tomato, cabai, dan kacang panjang karena bunganya hermafrodit.","Jagung, karena bunga jantan dan betina terpisah.",benar,analyzing,4,"Pada tanaman hermafrodit, emaskulasi sangat krusial.",bab 8
Apa itu penyerbukan buatan?,Pemindahan polen secara manual dari bunga jantan ke stigma bunga betina.,Penyerbukan oleh lebah.,salah,analyzing,1,Penyerbukan buatan dilakukan oleh pemulia menggunakan kuas atau alat bantu.,bab 8
Mengapa waktu emaskulasi harus tepat?,Agar bunga belum matang polennya sendiri dan stigma sudah siap menerima polen.,Waktu tidak penting.,benar,analyzing,5,Waktu emaskulasi yang tepat menentukan keberhasilan persilangan.,bab 8
Apa kegunaan kantong isolasi dalam persilangan?,Mencegah kontaminasi polen asing dan menjaga kemurnian silangan.,Hanya untuk dekorasi.,salah,analyzing,2,Kantong isolasi melindungi hasil persilangan dari polen liar.,bab 8
Apakah persilangan antar spesies mungkin dilakukan?,"Ya, tetapi sering mengalami kendala seperti ketidakserasian sehingga memerlukan teknik khusus.",Tidak mungkin sama sekali.,benar,evaluating,4,Persilangan antar spesies (wide hybridization) memerlukan embryo rescue.,bab 8
Apa yang dimaksud dengan hibrida F1?,Keturunan langsung hasil persilangan pertama antara dua tetua murni.,Keturunan generasi kedua.,salah,analyzing,2,F1 biasanya menunjukkan heterosis.,bab 8
Mengapa persilangan buatan lebih banyak dilakukan pada tanaman menyerbuk sendiri?,Karena pada tanaman menyerbuk sendiri perlu intervensi untuk menciptakan variasi.,Lebih mudah pada tanaman menyerbuk silang.,benar,analyzing,4,"Pada self-pollinated crops, persilangan buatan sangat diperlukan.",bab 8
Apa risiko utama dalam persilangan buatan?,Kontaminasi polen asing yang dapat merusak kemurnian silangan.,Tidak ada risiko.,salah,evaluating,2,Risiko kontaminasi dapat dihindari dengan isolasi yang baik.,bab 8
Bagaimana cara menyimpan polen untuk persilangan?,Dengan cara dikeringkan dan disimpan pada suhu rendah atau dalam desikator.,Tidak perlu disimpan.,benar,creating,4,Penyimpanan polen memungkinkan persilangan asynchronous.,bab 8
Apa yang dimaksud dengan reciprocal cross?,Persilangan bolak-balik (A×B dan B×A) untuk melihat efek maternal.,Hanya satu arah.,salah,analyzing,2,Reciprocal cross digunakan untuk mendeteksi efek sitoplasma.,bab 8
Mengapa persilangan buatan merupakan teknik dasar pemuliaan?,Karena merupakan cara utama untuk memperluas keragaman genetik melalui rekombinasi.,Hanya teknik tambahan.,benar,evaluating,5,Persilangan buatan adalah fondasi banyak metode pemuliaan.,bab 8
Jelaskan apa itu seleksi dalam pemuliaan tanaman!,Seleksi adalah proses memisahkan individu atau kelompok tanaman dari populasi campuran berdasarkan fenotipe yang diinginkan untuk memperbaiki karakter tanaman.,Seleksi adalah penanaman tanaman secara acak.,salah,analyzing,1,Jawaban Anda kurang tepat. Seleksi adalah langkah penting untuk meningkatkan frekuensi gen unggul dalam populasi.,bab 9
Apa perbedaan seleksi buatan dengan seleksi alam?,"Seleksi buatan dilakukan oleh manusia untuk tujuan pemuliaan, sedangkan seleksi alam terjadi secara alami di lingkungan.",Keduanya sama saja.,salah,analyzing,2,Seleksi buatan lebih terarah sesuai ideotipe yang diinginkan pemulia.,bab 9
Apa yang dimaksud dengan kemajuan seleksi (genetic advance)?,"Perbaikan genetik yang diharapkan setelah satu siklus seleksi, tergantung heritabilitas dan diferensial seleksi.",Tidak ada perbaikan setelah seleksi.,salah,analyzing,2,Genetic advance = h² × diferensial seleksi.,bab 9
Mengapa keragaman genetik penting dalam seleksi?,"Semakin tinggi keragaman genetik, semakin besar peluang memperoleh individu unggul.",Keragaman genetik tidak mempengaruhi seleksi.,benar,evaluating,5,"Tanpa keragaman, seleksi tidak akan efektif.",bab 9
Apa itu seleksi satu karakter?,"Seleksi yang difokuskan pada satu karakter saja, biasanya lebih mudah dilakukan.",Seleksi terhadap semua karakter sekaligus.,salah,analyzing,2,Seleksi satu karakter lebih sederhana tetapi dapat mempengaruhi karakter lain melalui korelasi.,bab 9
Apa kelemahan seleksi simultan?,Intensitas seleksi menjadi rendah karena harus memenuhi banyak kriteria sekaligus.,Lebih baik daripada seleksi lainnya.,salah,analyzing,2,Seleksi simultan mempersulit pencapaian intensitas seleksi yang tinggi.,bab 9
Apa itu seleksi indeks?,Metode seleksi yang mempertimbangkan beberapa karakter sekaligus dengan memberikan bobot (weight) pada masing-masing karakter.,Seleksi hanya satu karakter.,benar,creating,4,Seleksi indeks lebih efisien ketika ada banyak karakter yang diinginkan.,bab 9
Apa hubungan antara heritabilitas dengan kemajuan seleksi?,"Semakin tinggi heritabilitas, semakin besar kemajuan seleksi yang dapat dicapai.",Tidak ada hubungan.,benar,evaluating,5,Kemajuan seleksi sangat bergantung pada nilai heritabilitas.,bab 9
Berikan contoh metode seleksi pada tanaman menyerbuk sendiri!,"Seleksi pedigree, single seed descent, dan bulk method.",Seleksi massal saja.,salah,analyzing,2,"Pada tanaman self-pollinated, metode pedigree dan SSD sangat umum digunakan.",bab 9
Mengapa seleksi berurutan memerlukan waktu lama?,"Karena dilakukan secara bertahap, satu karakter per generasi.",Cepat dilakukan.,benar,analyzing,4,Seleksi berurutan memakan waktu tetapi lebih mudah dikelola.,bab 9
Apa yang dimaksud dengan diferensial seleksi?,Selisih antara rata-rata populasi dengan rata-rata individu yang diseleksi.,Tidak ada perbedaan.,salah,analyzing,2,Diferensial seleksi menunjukkan seberapa ketat proses seleksi dilakukan.,bab 9
Apakah seleksi dapat menyebabkan korelasi negatif antar karakter?,"Ya, seleksi satu karakter dapat menurunkan karakter lain jika terdapat korelasi negatif.",Tidak mungkin.,benar,evaluating,4,Pemulia harus memperhatikan korelasi antar karakter.,bab 9
Apa keuntungan seleksi indeks dibandingkan seleksi simultan?,Lebih fleksibel dan efisien karena mempertimbangkan bobot ekonomi dan heritabilitas.,Tidak ada keuntungan.,benar,creating,5,Seleksi indeks memungkinkan individu dengan kekurangan kecil tetap terpilih.,bab 9
Apa yang dimaksud dengan seleksi massal?,Seleksi berdasarkan fenotipe individu tanpa memperhatikan keturunan.,Seleksi berdasarkan pedigree.,salah,analyzing,2,Seleksi massal sederhana tetapi kurang akurat.,bab 9
Mengapa pemulia perlu menghitung kemajuan seleksi?,Untuk memprediksi seberapa besar perbaikan yang dapat dicapai setelah seleksi.,Tidak perlu dihitung.,benar,evaluating,5,Prediksi ini membantu merancang strategi pemuliaan yang efektif.,bab 9
Apa risiko seleksi yang terlalu ketat?,Mengurangi keragaman genetik populasi.,Meningkatkan keragaman.,salah,analyzing,2,Seleksi ketat dapat menyebabkan bottleneck genetik.,bab 9
Apakah seleksi efektif pada karakter dengan heritabilitas rendah?,Kurang efektif karena pengaruh lingkungan besar.,Sangat efektif.,benar,analyzing,4,Heritabilitas rendah menyulitkan seleksi dini.,bab 9
Apa yang dimaksud dengan seleksi berbasis keluarga?,Seleksi dilakukan berdasarkan performa rata-rata keluarga atau progeni.,Seleksi individu saja.,salah,analyzing,2,Seleksi keluarga lebih akurat untuk karakter kuantitatif.,bab 9
Mengapa seleksi harus mempertimbangkan korelasi antar karakter?,Agar tidak terjadi penurunan karakter penting yang tidak dituju.,Korelasi tidak perlu diperhatikan.,benar,evaluating,5,Korelasi negatif dapat menjadi kendala serius.,bab 9
Apa tujuan akhir dari kegiatan seleksi dalam pemuliaan?,Memperoleh galur atau varietas unggul yang stabil dan sesuai ideotipe.,Hanya untuk menambah variasi.,salah,creating,4,Tujuan akhir adalah varietas unggul yang siap dilepas.,bab 9
